Drug,SMILES
4-hydroxynonenal,CCCCCC(/C=C/C=O)O
Afimoxifene,CC/C(=C(\C1=CC=C(C=C1)O)/C2=CC=C(C=C2)OCCN(C)C)/C3=CC=CC=C3
Alfacalcidol,C[C@H](CCCC(C)C)[C@H]1CC[C@@H]\2[C@@]1(CCC/C2=C\C=C/3\C[C@H](C[C@@H](C3=C)O)O)C
Anastrozole,CC(C)(C#N)C1=CC(=CC(=C1)CN2C=NC=N2)C(C)(C)C#N
Stanolone,C[C@]12CCC(=O)C[C@@H]1CC[C@@H]3[C@@H]2CC[C@]4([C@H]3CC[C@@H]4O)C
Aplidin,CC[C@H](C)[C@@H]1[C@H](CC(=O)O[C@H](C(=O)[C@@H](C(=O)N[C@H](C(=O)N2CCC[C@H]2C(=O)N([C@H](C(=O)O[C@@H]([C@@H](C(=O)N1)NC(=O)[C@@H](CC(C)C)N(C)C(=O)[C@@H]3CCCN3C(=O)C(=O)C)C)CC4=CC=C(C=C4)OC)C)CC(C)C)C)C(C)C)O
Atorvastatin,CC(C)C1=C(C(=C(N1CC[C@H](C[C@H](CC(=O)O)O)O)C2=CC=C(C=C2)F)C3=CC=CC=C3)C(=O)NC4=CC=CC=C4
Azacitidine,C1=NC(=NC(=O)N1[C@H]2[C@@H]([C@@H]([C@H](O2)CO)O)O)N
Bicalutamide,CC(CS(=O)(=O)C1=CC=C(C=C1)F)(C(=O)NC2=CC(=C(C=C2)C#N)C(F)(F)F)O
Bpde,C1=CC2=C3C(=C1)C=CC4=C3C(=CC5=C4C6C(O6)C(C5O)O)C=C2
Calcitriol,C[C@H](CCCC(C)(C)O)[C@H]1CC[C@@H]\2[C@@]1(CCC/C2=C\C=C/3\C[C@H](C[C@@H](C3=C)O)O)C
Cediranib,CC1=CC2=C(N1)C=CC(=C2F)OC3=NC=NC4=CC(=C(C=C43)OC)OCCCN5CCCC5
Chlorambucil,C1=CC(=CC=C1CCCC(=O)O)N(CCCl)CCCl
Chlorpyrifos,CCOP(=S)(OCC)OC1=NC(=C(C=C1Cl)Cl)Cl
Ciprofloxacin,C1CC1N2C=C(C(=O)C3=CC(=C(C=C32)N4CCNCC4)F)C(=O)O
Citalopram,CN(C)CCCC1(C2=C(CO1)C=C(C=C2)C#N)C3=CC=C(C=C3)F
Clinafloxacin,C1CC1N2C=C(C(=O)C3=CC(=C(C(=C32)Cl)N4CCC(C4)N)F)C(=O)O
Curcumin,COC1=C(C=CC(=C1)/C=C/C(=O)CC(=O)/C=C/C2=CC(=C(C=C2)O)OC)O
Cycloheximide,C[C@H]1C[C@@H](C(=O)[C@@H](C1)[C@@H](CC2CC(=O)NC(=O)C2)O)C
Cyfluthrin,CC1(C(C1C(=O)OC(C#N)C2=CC(=C(C=C2)F)OC3=CC=CC=C3)C=C(Cl)Cl)C
Cytarabine,C1=CN(C(=O)N=C1N)[C@H]2[C@H]([C@@H]([C@H](O2)CO)O)O
Decitabine,C1[C@@H]([C@H](O[C@H]1N2C=NC(=NC2=O)N)CO)O
Deferasirox,C1=CC=C(C(=C1)C2=NN(C(=N2)C3=CC=CC=C3O)C4=CC=C(C=C4)C(=O)O)O
Diclofenac,C1=CC=C(C(=C1)CC(=O)O)NC2=C(C=CC=C2Cl)Cl
Doxorubicin,C[C@H]1[C@H]([C@H](C[C@@H](O1)O[C@H]2C[C@@](CC3=C2C(=C4C(=C3O)C(=O)C5=C(C4=O)C(=CC=C5)OC)O)(C(=O)CO)O)N)O
Doxycycline,C[C@@H]1[C@H]2[C@@H]([C@H]3[C@@H](C(=O)C(=C([C@]3(C(=O)C2=C(C4=C1C=CC=C4O)O)O)O)C(=O)N)N(C)C)O
Epz004777,CC(C)N(CCCNC(=O)NC1=CC=C(C=C1)C(C)(C)C)C[C@@H]2[C@H]([C@H]([C@@H](O2)N3C=CC4=C(N=CN=C43)N)O)O
Estradiol,C[C@]12CC[C@H]3[C@H]([C@@H]1CC[C@@H]2O)CCC4=C3C=CC(=C4)O
Harman,CC1=NC=CC2=C1NC3=CC=CC=C23
Hydrocortisone,C[C@]12CCC(=O)C=C1CC[C@@H]3[C@@H]2[C@H](C[C@]4([C@H]3CC[C@@]4(C(=O)CO)O)C)O
Imatinib,CC1=C(C=C(C=C1)NC(=O)C2=CC=C(C=C2)CN3CCN(CC3)C)NC4=NC=CC(=N4)C5=CN=CC=C5
Lapatinib,CS(=O)(=O)CCNCC1=CC=C(O1)C2=CC3=C(C=C2)N=CN=C3NC4=CC(=C(C=C4)OCC5=CC(=CC=C5)F)Cl
Levofloxacin,C[C@H]1COC2=C3N1C=C(C(=O)C3=CC(=C2N4CCN(CC4)C)F)C(=O)O
Lmp-420,B(CCCCCN1C=NC2=C1N=C(N=C2Cl)N)(O)O
Mesalazine,C1=CC(=C(C=C1N)C(=O)O)O
Methotrexate,CN(CC1=CN=C2C(=N1)C(=NC(=N2)N)N)C3=CC=C(C=C3)C(=O)N[C@@H](CCC(=O)O)C(=O)O
Metoprolol,CC(C)NCC(COC1=CC=C(C=C1)CCOC)O
Mk-886,CC(C)C1=CC2=C(C=C1)N(C(=C2SC(C)(C)C)CC(C)(C)C(=O)O)CC3=CC=C(C=C3)Cl
Mln4924,C1CC2=CC=CC=C2[C@H]1NC3=C4C=CN(C4=NC=N3)[C@@H]5C[C@H]([C@H](C5)O)COS(=O)(=O)N
Nilotinib,CC1=C(C=C(C=C1)C(=O)NC2=CC(=CC(=C2)C(F)(F)F)N3C=C(N=C3)C)NC4=NC=CC(=N4)C5=CN=CC=C5
Nsc319726,C/C(=N\NC(=S)N1CCC1)/C2=CC=CC=N2
Nvp-tnks656,COC1=CC=C(C=C1)C(=O)C2CCN(CC2)CC(=O)N(CC3CC3)CC4=NC5=C(COCC5)C(=O)N4
Paclitaxel,CC1=C2[C@H](C(=O)[C@@]3([C@H](C[C@@H]4[C@]([C@H]3[C@@H]([C@@](C2(C)C)(C[C@@H]1OC(=O)[C@@H]([C@H](C5=CC=CC=C5)NC(=O)C6=CC=CC=C6)O)O)OC(=O)C7=CC=CC=C7)(CO4)OC(=O)C)O)C)OC(=O)C
Pimecrolimus,CC[C@@H]1/C=C(/C[C@@H](C[C@@H]([C@@H]2[C@H](C[C@H]([C@@](O2)(C(=O)C(=O)N3CCCC[C@H]3C(=O)O[C@@H]([C@@H]([C@H](CC1=O)O)C)/C(=C/[C@@H]4CC[C@@H]([C@@H](C4)OC)Cl)/C)O)C)OC)OC)C)\C
Pioglitazone,CCC1=CN=C(C=C1)CCOC2=CC=C(C=C2)CC3C(=O)NC(=O)S3
Plx4720,CCCS(=O)(=O)NC1=C(C(=C(C=C1)F)C(=O)C2=CNC3=C2C=C(C=N3)Cl)F
Propofol,CC(C)C1=C(C(=CC=C1)C(C)C)O
Quercetin,C1=CC(=C(C=C1C2=C(C(=O)C3=C(C=C(C=C3O2)O)O)O)O)O
R1881,C[C@@]1(CC[C@@H]2[C@@]1(C=CC3=C4CCC(=O)C=C4CC[C@@H]23)C)O
Resveratrol,C1=CC(=CC=C1/C=C/C2=CC(=CC(=C2)O)O)O
Ribavirin,C1=NC(=NN1[C@H]2[C@@H]([C@@H]([C@H](O2)CO)O)O)C(=O)N
Rituximab,CCN(CC)CCNC(=O)C1=CC(=C(C=C1)C(=O)O)I
Rosiglitazone,CN(CCOC1=CC=C(C=C1)CC2C(=O)NC(=O)S2)C3=CC=CC=N3
Sevoflurane,C(OC(C(F)(F)F)C(F)(F)F)F
Sirolimus,C[C@@H]1CC[C@H]2C[C@@H](/C(=C/C=C/C=C/[C@H](C[C@H](C(=O)[C@@H]([C@@H](/C(=C/[C@H](C(=O)C[C@H](OC(=O)[C@@H]3CCCCN3C(=O)C(=O)[C@@]1(O2)O)[C@H](C)C[C@@H]4CC[C@H]([C@@H](C4)OC)O)C)/C)O)OC)C)C)/C)OC
Tamoxifen,CC/C(=C(\C1=CC=CC=C1)/C2=CC=C(C=C2)OCCN(C)C)/C3=CC=CC=C3
Testosterone,C[C@]12CC[C@H]3[C@H]([C@@H]1CC[C@@H]2O)CCC4=CC(=O)CC[C@]34C
Thapsigargin,CCCCCCCC(=O)O[C@H]1[C@H]2C(=C([C@@H]1OC(=O)/C(=C\C)/C)C)[C@H]3[C@]([C@H](C[C@]2(C)OC(=O)C)OC(=O)CCC)([C@](C(=O)O3)(C)O)O
Tibolone,C[C@@H]1CC2=C(CCC(=O)C2)[C@@H]3[C@@H]1[C@@H]4CC[C@]([C@]4(CC3)C)(C#C)O
Torcetrapib,CC[C@@H]1C[C@@H](C2=C(N1C(=O)OCC)C=CC(=C2)C(F)(F)F)N(CC3=CC(=CC(=C3)C(F)(F)F)C(F)(F)F)C(=O)OC
Tretinoin,CC1=C(C(CCC1)(C)C)C=CC(=CC=CC(=CC(=O)O)C)C
Trovafloxacin,C1[C@@H]2[C@@H](C2N)CN1C3=C(C=C4C(=O)C(=CN(C4=N3)C5=C(C=C(C=C5)F)F)C(=O)O)F
Ubiquinol,CC1=C(C(=C(C(=C1O)OC)OC)O)C/C=C(\C)/CC/C=C(\C)/CC/C=C(\C)/CC/C=C(\C)/CC/C=C(\C)/CC/C=C(\C)/CC/C=C(\C)/CC/C=C(\C)/CC/C=C(\C)/CCC=C(C)C
Vemurafenib,CCCS(=O)(=O)NC1=C(C(=C(C=C1)F)C(=O)C2=CNC3=C2C=C(C=N3)C4=CC=C(C=C4)Cl)F
Vx,C1=CC(=C(C(=C1)F)N(C2=NC(=C(C=C2)C(=O)N)C3=C(C=C(C=C3)F)F)C(=O)N)F
Zincacetate,CC(=O)O.CC(=O)O.[Zn]
2 3 7 8-tetrachlorodibenzo-p-dioxin,C1=C2C(=CC(=C1Cl)Cl)OC3=CC(=C(C=C3O2)Cl)Cl
3 3' 4 4'-tetrachlorobiphenyl,C1=CC(=C(C=C1C2=CC(=C(C=C2)Cl)Cl)Cl)Cl
Adenosinetriphosphate,C1=NC(=C2C(=N1)N(C=N2)[C@H]3[C@@H]([C@@H]([C@H](O3)COP(=O)([O-])OP(=O)([O-])OP(=O)([O-])[O-])O)O)N
Arachidonicacid,CCCCC/C=C/C/C=C/C/C=C/C/C=C/CCCC(=O)O
Azathioprine,CN1C=NC(=C1SC2=NC=NC3=C2NC=N3)[N+](=O)[O-]
Bexarotene,CC1=CC2=C(C=C1C(=C)C3=CC=C(C=C3)C(=O)O)C(CCC2(C)C)(C)C
Bisphenola,CC(C)(C1=CC=C(C=C1)OCC2CO2)C3=CC=C(C=C3)OCC(CCl)O
Carboplatin,C1CC(C1)(C(=O)O)C(=O)O.[NH2-].[NH2-].[Pt+2]
Fenretinide,CC1=C(C(CCC1)(C)C)/C=C/C(=C/C=C/C(=C/C(=O)NC2=CC=C(C=C2)O)/C)/C
Foretinib,COC1=CC2=C(C=CN=C2C=C1OCCCN3CCOCC3)OC4=C(C=C(C=C4)NC(=O)C5(CC5)C(=O)NC6=CC=C(C=C6)F)F
Gamma-tocotrienol,CC1=C(C=C2CC[C@@](OC2=C1C)(C)CC/C=C(\C)/CC/C=C(\C)/CCC=C(C)C)O
Gatifloxacin,CC1CN(CCN1)C2=C(C=C3C(=C2OC)N(C=C(C3=O)C(=O)O)C4CC4)F
Grepafloxacin,CC1CN(CCN1)C2=C(C(=C3C(=C2)N(C=C(C3=O)C(=O)O)C4CC4)C)F
Lipopolysaccharide,CCCCCCCCCCCCCC(=O)O[C@H](CCCCCCCCCCC)CC(=O)OC1C(C(OC(C1OP(=O)(O)[O-])COC2(CC(C(C(O2)[C@@H](CO)O)O)OC3(CC(C(C(O3)[C@@H](CO)O)O)O)C(=O)[O-])C(=O)[O-])OCC4C(C(C(C(O4)OP(=O)(O)[O-])NC(=O)C[C@@H](CCCCCCCCCCC)O)OC(=O)C[C@@H](CCCCCCCCCCC)O)O)NC(=O)C[C@@H](CCCCCCCCCCC)OC(=O)CCCCCCCCCCC.[Na+].[Na+].[Na+].[Na+]
Rituximab,CC=CC1=CC(=CC=C1)N(CC2=CC=C(C=C2)C3=CC4=C(C=C3)N=CC4)C(=O)C5CCCCC5.CC=CC1=CC(=CC=C1)N(CC2=CC=C(C=C2)C3=CC4=C(C=C3)N=C(O4)C)C(=O)C5CCCCC5.COC(=O)C=CC1=CC(=CC=C1)N(CC2=CC=C(C=C2)C3=CC4=C(C=C3)NCCO4)C(=O)C5CCCCC5.COC(=O)C=CC1=CC(=CC=C1)N(CC2=CC=C(C=C2)C3=CC4=C(C=C3)OCCO4)C(=O)C5CCCCC5.COC(=O)C=CC1=CC(=CC=C1)N(CC2=CC=C(C=C2)C3=CC4=C(C=C3)NCCS4)C(=O)C5CCCCC5.COC(=O)C=CC1=CC(=CC=C1)N(CC2=CC=C(C=C2)C3=CC4=C(C=C3)NCCS4(=O)=O)C(=O)C5CCCCC5.COC(=O)C=CC1=CC(=CC=C1)N(CC2=CC=C(C=C2)C3=CC4=NC=CN=C4C=C3)C(=O)C5CCCCC5
Vanadiumpentoxide,O=[V](=O)O[V](=O)=O
Phorbol12-myristate13-acetate(pma),CCCCCCCCCCCCCC(=O)O[C@@H]1[C@H]([C@]2([C@@H](C=C(C[C@@]3([C@H]2C=C(C3=O)C)O)CO)[C@H]4[C@@]1(C4(C)C)OC(=O)C)O)C
Sangivamycin(nsc65346),C1=C(C2=C(N=CN=C2N1[C@H]3[C@@H]([C@@H]([C@H](O3)CO)O)O)N)C(=O)N
