Drug,Index
Metformin,0
phenyl biguanide,1
Valproic Acid,2
Estradiol,3
alpha-estradiol,4
Dexamethasone,5
Mesalazine,6
Chlorpropamide,7
Tamoxifen,8
Verapamil,9
Amitriptyline,10
Sulindac,11
Tacrolimus,12
Masoprocol,13
Rofecoxib,14
Celecoxib,15
LM-1685,16
SC-58125,17
Tanespimycin,18
tomelukast,19
Arotinoid acid,20
Tretinoin,21
LY-294002,22
Ciclosporin,23
Indometacin,24
Clofibrate,25
MK-886,26
Prednisolone,27
Thalidomide,28
Genistein,29
Fludrocortisone,30
Quercetin,31
sulindac sulfide,32
Fulvestrant,33
Monastrol,34
Staurosporine,35
NU-1025,36
Exisulind,37
Acetylsalicylic acid,38
Flufenamic Acid,39
N-phenylanthranilic acid,40
monorden,41
Sirolimus,42
arachidonyltrifluoromethane,43
trichostatin A,44
Diclofenac,45
Mercaptopurine,46
Felodipine,47
Azathioprine,48
Novobiocin,49
Fasudil,50
2-deoxyglucose,51
Imatinib,52
pirinixic acid,53
Rosiglitazone,54
Troglitazone,55
Raloxifene,56
Wortmannin,57
tetraethylenepentamine,58
Clozapine,59
Thioridazine,60
Haloperidol,61
Chlorpromazine,62
Trifluoperazine,63
Iloprost,64
Oxamic Acid,65
Arachidonic Acid,66
Prochlorperazine,67
quinpirole,68
Deferoxamine,69
calmidazolium,70
Fluphenazine,71
Dopamine,72
Gefitinib,73
"1,5-isoquinolinediol",74
Fisetin,75
butein,76
HNMPA-(AM)3,77
dimethyloxalylglycine,78
3-aminobenzamide,79
Bucladesine,80
Probucol,81
Geldanamycin,82
Resveratrol,83
Colchicine,84
Pentamidine,85
Paclitaxel,86
Benserazide,87
Tioguanine,88
docosahexaenoic acid ethyl ester,89
rottlerin,90
quinostatin,91
ikarugamycin,92
Pyrvinium,93
depudecin,94
ionomycin,95
celastrol,96
pararosaniline,97
Colforsin,98
Carbamazepine,99
Oxaprozin,100
Vorinostat,101
Alvespimycin,102
tyrphostin AG-825,103
DL-PPMP,104
BW-B70C,105
MG-132,106
tyrphostin AG-1478,107
Procainamide,108
thioguanosine,109
Bepridil,110
dequalinium chloride,111
Ritodrine,112
Buspirone,113
Hesperidin,114
androsterone,115
Ouabain,116
Anisomycin,117
Corticosterone,118
Cefixime,119
Bacampicillin,120
digitoxigenin,121
Meclocycline,122
Primaquine,123
Chlorogenic Acid,124
Mefloquine,125
Diazoxide,126
Clindamycin,127
Nicergoline,128
Spironolactone,129
Neomycin,130
dizocilpine,131
Cefotaxime,132
Thioproperazine,133
Dihydrostreptomycin,134
Pindolol,135
nocodazole,136
Dihydroergotamine,137
Tranexamic acid,138
ampyrone,139
Midodrine,140
Piroxicam,141
etofylline,142
Chlorzoxazone,143
Fenspiride,144
Hyoscyamine,145
Chlorphenesin,146
Ethosuximide,147
Aztreonam,148
hydrastinine,149
Tolfenamic Acid,150
nifenazone,151
Cloxacillin,152
Sulfathiazole,153
Cimetidine,154
Naphazoline,155
Minaprine,156
Amiloride,157
Doxylamine,158
Pyrimethamine,159
Ticlopidine,160
Miconazole,161
Prednisone,162
Ethambutol,163
hexamethonium bromide,164
Dicyclomine,165
Oxetacaine,166
Isoxsuprine,167
Hydrochlorothiazide,168
Captopril,169
Amylocaine,170
Pheniramine,171
sulfaguanidine,172
Minoxidil,173
Tolazoline,174
Tolnaftate,175
khellin,176
Apomorphine,177
Naloxone,178
Bromocriptine,179
Glipizide,180
Erythromycin,181
cotinine,182
Zimelidine,183
Amoxapine,184
metanephrine,185
Dipyridamole,186
oleandomycin,187
edrophonium chloride,188
azacyclonol,189
Cyproheptadine,190
Ciprofloxacin,191
Dehydrocholic acid,192
Hydroxyzine,193
Chlorhexidine,194
Midecamycin,195
moroxydine,196
Famotidine,197
Ampicillin,198
Hesperetin,199
Loperamide,200
Josamycin,201
Baclofen,202
Perphenazine,203
Chlortetracycline,204
Acyclovir,205
Lisuride,206
Glyburide,207
Clotrimazole,208
Labetalol,209
Clonidine,210
Antazoline,211
Bupropion,212
Etacrynic acid,213
Mepyramine,214
Mifepristone,215
Sulfisoxazole,216
Clopamide,217
Methylergometrine,218
Kanamycin,219
Clenbuterol,220
Hycanthone,221
Etoposide,222
8-azaguanine,223
Procaine,224
Dexpanthenol,225
Epirizole,226
Hydroflumethiazide,227
Betazole,228
Triflupromazine,229
Mefenamic acid,230
Thiamphenicol,231
Diphenhydramine,232
adiphenine,233
Dirithromycin,234
Chloroquine,235
Mesoridazine,236
Etamivan,237
clorsulon,238
Parthenolide,239
scoulerine,240
Dihydroergocristine,241
Mometasone,242
lobelanidine,243
Ajmaline,244
dipivefrine,245
Noscapine,246
harmine,247
piperlongumine,248
Atropine,249
Lobeline,250
calycanthine,251
"1,4-chrysenequinone",252
pseudopelletierine,253
Berberine,254
Racecadotril,255
epivincamine,256
aconitine,257
(+)-chelidonine,258
isocorydine,259
meticrane,260
Moxisylyte,261
Imipramine,262
Triamterene,263
Acetohexamide,264
Isoflupredone,265
Sulfaphenazole,266
morantel,267
todralazine,268
Benzonatate,269
Sulfadiazine,270
Dyphylline,271
Naproxen,272
Levodopa,273
Diltiazem,274
Methotrexate,275
Acebutolol,276
Metolazone,277
Lynestrenol,278
Danazol,279
Ivermectin,280
Chlorphenamine,281
acetylsalicylsalicylic acid,282
Nalbuphine,283
Mianserin,284
Acenocoumarol,285
Triamcinolone,286
Etodolac,287
pentetrazol,288
Levamisole,289
Pyrantel,290
antimycin A,291
Pargyline,292
Xylometazoline,293
Alverine,294
Methocarbamol,295
Nimesulide,296
Gemfibrozil,297
Mafenide,298
Meclofenamic acid,299
Rescinnamine,300
Galantamine,301
Ergoloid mesylate,302
palmatine,303
Bicuculline,304
canavanine,305
Diflorasone,306
gramine,307
protoveratrine A,308
emetine,309
yohimbic acid,310
Harmaline,311
harman,312
solanine,313
sulmazole,314
Glimepiride,315
Dydrogesterone,316
Sulfabenzamide,317
picrotoxinin,318
gelsemine,319
canadine,320
succinylsulfathiazole,321
Benzocaine,322
Flunisolide,323
mepenzolate bromide,324
eldeline,325
pempidine,326
famprofazone,327
metamizole sodium,328
citiolone,329
heliotrine,330
Sulfamerazine,331
Bromopride,332
Isosorbide,333
Halcinonide,334
acacetin,335
Sulfachlorpyridazine,336
helveticoside,337
beta-escin,338
lycorine,339
Chlorcyclizine,340
Pramocaine,341
foliosidine,342
Gossypol,343
karakoline,344
etiocholanolone,345
Diphenylpyraline,346
Finasteride,347
Naltrexone,348
Astemizole,349
Disulfiram,350
Aminophenazone,351
Nomifensine,352
Terfenadine,353
Canrenoic acid,354
ursolic acid,355
picotamide,356
Pirenzepine,357
Tetracycline,358
Gentamicin,359
Isoniazid,360
Norfloxacin,361
Tiratricol,362
Oxolinic acid,363
Ornidazole,364
Flumequine,365
Oxymetazoline,366
Aceclofenac,367
mefexamide,368
Metampicillin,369
Iproniazid,370
Pentoxifylline,371
Tiapride,372
Griseofulvin,373
Riluzole,374
Sulfamethoxazole,375
Nalidixic acid,376
Metaraminol,377
kawain,378
Mebendazole,379
clemizole,380
Ofloxacin,381
Nitrofurantoin,382
Mephenesin,383
Pentolinium,384
Salbutamol,385
Trimethoprim,386
Fenbufen,387
Tropicamide,388
Lomefloxacin,389
Hydralazine,390
Phenformin,391
6-benzylaminopurine,392
Prilocaine,393
Metoclopramide,394
Ketoprofen,395
Nefopam,396
Orphenadrine,397
Phenelzine,398
Tolbutamide,399
Camptothecin,400
Phentolamine,401
ethisterone,402
Vincamine,403
dilazep,404
fenbendazole,405
proglumide,406
Lisinopril,407
Ifenprodil,408
Flavoxate,409
Fenoterol,410
Trazodone,411
Doxepin,412
Cortisone,413
homochlorcyclizine,414
glafenine,415
telenzepine,416
Nortriptyline,417
Dyclonine,418
Diethylcarbamazine,419
pimethixene,420
Enalapril,421
dropropizine,422
Niflumic Acid,423
Fenofibrate,424
Pergolide,425
Bupivacaine,426
Minocycline,427
Pinacidil,428
Isotretinoin,429
Disopyramide,430
Acemetacin,431
Digoxin,432
Meclizine,433
naringin,434
Progesterone,435
Butoconazole,436
Biotin,437
cephaeline,438
velnacrine,439
Melatonin,440
neostigmine bromide,441
Amiodarone,442
Bisacodyl,443
Cholecalciferol,444
Carbimazole,445
Pilocarpine,446
Menadione,447
Amphotericin B,448
Ergocalciferol,449
Cisapride,450
epiandrosterone,451
Dicloxacillin,452
Dinoprost,453
Ceforanide,454
Puromycin,455
Metixene,456
Vigabatrin,457
Fluoxetine,458
Glycocholic acid,459
pirenperone,460
Ciclopirox,461
Hexetidine,462
Cefotiam,463
Biperiden,464
Iohexol,465
thiostrepton,466
salsolidin,467
Probenecid,468
Selegiline,469
6-azathymine,470
Omeprazole,471
Cetirizine,472
norcyclobenzaprine,473
Phenacetin,474
Betahistine,475
Benperidol,476
Propylthiouracil,477
etifenin,478
Pyrazinamide,479
Thiabendazole,480
Atovaquone,481
Tolazamide,482
Cefaclor,483
Terconazole,484
Orciprenaline,485
Trimethadione,486
Methoxamine,487
nifuroxazide,488
Colistin,489
Tiaprofenic acid,490
Sisomicin,491
Lovastatin,492
Ethionamide,493
Pregnenolone,494
Vancomycin,495
Nystatin,496
Tenoxicam,497
Suxibuzone,498
skimmianine,499
ricinine,500
estropipate,501
Tetryzoline,502
Fluorometholone,503
Kinetin,504
anabasine,505
delsoline,506
Hexestrol,507
Trioxsalen,508
Cefalotin,509
butirosin,510
abamectin,511
Tetrandrine,512
fluorocurarine,513
napelline,514
Cefmetazole,515
strophanthidin,516
Cefuroxime,517
altizide,518
sulfaquinoxaline,519
Nadide,520
Terazosin,521
Butamben,522
Alclometasone,523
ramifenazone,524
Streptozocin,525
Sulfamethizole,526
Phenazopyridine,527
Sulfapyridine,528
Leflunomide,529
Podofilox,530
propidium iodide,531
Pheneticillin,532
Metoprolol,533
Medrysone,534
Demeclocycline,535
meclofenoxate,536
Levonorgestrel,537
Cloperastine,538
sulfamethoxypyridazine,539
Flumethasone,540
Flunixin,541
Fenoprofen,542
Bendroflumethiazide,543
eucatropine,544
Flecainide,545
Spiramycin,546
ethoxyquin,547
Sulfamethazine,548
Dicoumarol,549
Isocarboxazid,550
Mephentermine,551
Cefazolin,552
glycopyrronium bromide,553
Diethylstilbestrol,554
Guaifenesin,555
Methimazole,556
lithocholic acid,557
alpha-ergocryptine,558
atractyloside,559
Guanadrel,560
alexidine,561
Sulfadimethoxine,562
calcium folinate,563
monensin,564
Amoxicillin,565
Benfluorex,566
naftidrofuryl,567
Pentoxyverine,568
Clomifene,569
zoxazolamine,570
N6-methyladenosine,571
Chlorprothixene,572
Cephalexin,573
Bezafibrate,574
oxantel,575
Tacrine,576
Guanfacine,577
Dextromethorphan,578
Mimosine,579
Ketoconazole,580
Bisoprolol,581
Flupentixol,582
Droperidol,583
clebopride,584
Fusidic Acid,585
Testosterone,586
suloctidil,587
coralyne,588
3-hydroxy-DL-kynurenine,589
Domperidone,590
Arecoline,591
Ribostamycin,592
Vidarabine,593
proadifen,594
Hexylcaine,595
Sulfanilamide,596
Levonordefrin,597
Isoetarine,598
Sulfameter,599
Zomepirac,600
drofenine,601
pridinol,602
hecogenin,603
Ebselen,604
mevalolactone,605
pipenzolate bromide,606
isopropamide iodide,607
Cinoxacin,608
cicloheximide,609
Amrinone,610
Carbinoxamine,611
bergenin,612
Azlocillin,613
butacaine,614
securinine,615
Cefapirin,616
Gabapentin,617
Methazolamide,618
clidinium bromide,619
Cefoxitin,620
Alimemazine,621
Doxycycline,622
Iopromide,623
pyrithyldione,624
sulfamonomethoxine,625
tomatidine,626
Pyridoxine,627
DL-thiorphan,628
syrosingopine,629
Dacarbazine,630
Yohimbine,631
ellipticine,632
Riboflavin,633
hydrocotarnine,634
hydroquinine,635
Acepromazine,636
convolamine,637
cinchonidine,638
quipazine,639
Folic Acid,640
retrorsine,641
Xylazine,642
cinchonine,643
conessine,644
seneciphylline,645
trimethylcolchicinic acid,646
boldine,647
quinisocaine,648
vitexin,649
hydroxyachillin,650
Rifampicin,651
Mycophenolic acid,652
Budesonide,653
Triflusal,654
Gliclazide,655
Bromperidol,656
Imipenem,657
Prenylamine,658
tubocurarine chloride,659
Thiamine,660
harmol,661
pronetalol,662
Cyclopenthiazide,663
meptazinol,664
Etofenamate,665
Nifurtimox,666
Gibberellic acid,667
Naftopidil,668
beta-Sitosterol,669
Fluvoxamine,670
Apramycin,671
etamsylate,672
Letrozole,673
Molindone,674
Sotalol,675
tracazolate,676
Proscillaridin,677
cefalonium,678
Zardaverine,679
sanguinarine,680
Fluticasone,681
Fursultiamine,682
Etilefrine,683
Zalcitabine,684
decamethonium bromide,685
Memantine,686
harpagoside,687
Gabexate,688
Alprostadil,689
methyldopate,690
3-acetamidocoumarin,691
Ozagrel,692
Asiaticoside,693
Pivampicillin,694
Tribenoside,695
betulin,696
Lymecycline,697
talampicillin,698
Rimexolone,699
Moricizine,700
Phensuximide,701
S-propranolol,702
Ioxaglic acid,703
Cyclic Adenosine Monophosphate,704
Loracarbef,705
Procarbazine,706
Penbutolol,707
Naftifine,708
Bethanechol,709
Levopropoxyphene,710
Nafcillin,711
Liothyronine,712
Etidronic acid,713
Theophylline,714
Spectinomycin,715
cefsulodin,716
Benzthiazide,717
Procyclidine,718
Roxithromycin,719
Theobromine,720
piromidic acid,721
fosfosal,722
Trichlormethiazide,723
tetroquinone,724
amiprilose,725
beclometasone,726
Simvastatin,727
Reserpine,728
Trimipramine,729
Suprofen,730
oxolamine,731
Indoprofen,732
Mestranol,733
Tolmetin,734
arcaine,735
Chloropyramine,736
(+/-)-catechin,737
propantheline bromide,738
Carbenoxolone,739
Paromomycin,740
Scopolamine,741
Furazolidone,742
Nadolol,743
lasalocid,744
Iocetamic acid,745
Iodixanol,746
Doxazosin,747
Acetaminophen,748
Ioversol,749
Diclofenamide,750
Latamoxef,751
dimethadione,752
Rolitetracycline,753
Fluvastatin,754
phthalylsulfathiazole,755
Capsaicin,756
Sulconazole,757
Aminophylline,758
ethaverine,759
Profenamine,760
Equilin,761
luteolin,762
carbachol,763
Niacin,764
3-acetylcoumarin,765
Hymecromone,766
(+)-isoprenaline,767
Nizatidine,768
Propofol,769
Pentetic acid,770
Crotamiton,771
bemegride,772
Esculin,773
caffeic acid,774
Monobenzone,775
thioperamide,776
eticlopride,777
Propranolol,778
digoxigenin,779
Felbinac,780
Diloxanide,781
2-aminobenzenesulfonamide,782
Xamoterol,783
Primidone,784
Pralidoxime,785
meglumine,786
Butylparaben,787
Metyrapone,788
Estrone,789
Rolipram,790
Flucytosine,791
Tyloxapol,792
Cantharidin,793
Aminohippuric acid,794
Urapidil,795
(-)-MK-801,796
florfenicol,797
Clioquinol,798
N-acetyl-L-leucine,799
Idazoxan,800
bephenium hydroxynaphthoate,801
Altretamine,802
megestrol,803
Oxybenzone,804
pipemidic acid,805
Dexibuprofen,806
Prasterone,807
Prazosin,808
desoxycortone,809
Dioxybenzone,810
Ursodeoxycholic acid,811
chrysin,812
adrenosterone,813
Nabumetone,814
Bacitracin,815
Ketorolac,816
Proparacaine,817
proxyphylline,818
atropine methonitrate,819
Nisoxetine,820
Protriptyline,821
esculetin,822
Aminocaproic Acid,823
Remoxipride,824
Gliquidone,825
alfadolone,826
Flucloxacillin,827
Isradipine,828
Halofantrine,829
scopoletin,830
Rilmenidine,831
Pizotifen,832
Alfaxalone,833
Trapidil,834
tiletamine,835
Articaine,836
enilconazole,837
Pirlindole,838
Ribavirin,839
Azapropazone,840
deptropine,841
Isometheptene,842
Albendazole,843
Oxybutynin,844
Benzydamine,845
Oxytetracycline,846
Guanethidine,847
Vinpocetine,848
Cinnarizine,849
fipexide,850
Pimozide,851
Quinacrine,852
Clomipramine,853
Methylprednisolone,854
Amodiaquine,855
clofilium tosylate,856
Alprenolol,857
Praziquantel,858
Fendiline,859
Quinidine,860
Sulfinpyrazone,861
Mebeverine,862
Streptomycin,863
tremorine,864
Furosemide,865
Chlorthalidone,866
Bambuterol,867
Ketotifen,868
lidoflazine,869
Terbutaline,870
Alfuzosin,871
Practolol,872
Methapyrilene,873
Dobutamine,874
Debrisoquin,875
Betaxolol,876
Ketanserin,877
Desipramine,878
hemicholinium,879
Phenylpropanolamine,880
Clorgiline,881
Metergoline,882
Ascorbic acid,883
zaprinast,884
Brinzolamide,885
metitepine,886
Mitoxantrone,887
Amikacin,888
Methyldopa,889
Chlormezanone,890
Maprotiline,891
Adenosine phosphate,892
Ambroxol,893
Clofazimine,894
Vanoxerine,895
carcinine,896
fusaric acid,897
lactobionic acid,898
calcium pantothenate,899
levothyroxine sodium,900
7-aminocephalosporanic acid,901
Ginkgolide A,902
lysergol,903
N-acetylmuramic acid,904
Piperine,905
Cyclobenzaprine,906
mebhydrolin,907
Brompheniramine,908
buflomedil,909
Carteolol,910
Naringenin,911
Amantadine,912
Betulinic Acid,913
Hydrocortisone,914
Doxorubicin,915
Methoxsalen,916
Serotonin,917
Azacitidine,918
Levobunolol,919
Cefamandole,920
Dienestrol,921
Iopamidol,922
Cromoglicic acid,923
Ifosfamide,924
Proguanil,925
Levocabastine,926
Piribedil,927
Torasemide,928
Etomidate,929
Imidurea,930
Netilmicin,931
Mecamylamine,932
Tridihexethyl,933
Iopanoic acid,934
Lansoprazole,935
Viomycin,936
Prednicarbate,937
meprylcaine,938
cyproterone,939
Sulfadoxine,940
Natamycin,941
Saquinavir,942
Sertaconazole,943
piperidolate,944
Milrinone,945
Dexpropranolol,946
Cyclopentolate,947
Verteporfin,948
Repaglinide,949
Trifluridine,950
methanthelinium bromide,951
Ciprofibrate,952
Cycloserine,953
Estriol,954
Meropenem,955
Dorzolamide,956
Oxprenolol,957
tropine,958
chloropyrazine,959
(-)-isoprenaline,960
Ramipril,961
Azaperone,962
piperacetazine,963
Ondansetron,964
Thiethylperazine,965
Benzylpenicillin,966
Synephrine,967
Mephenytoin,968
Cefepime,969
Oxyphenbutazone,970
Propoxycaine,971
myosmine,972
benzamil,973
betonicine,974
Flurandrenolide,975
Methotrimeprazine,976
solasodine,977
Promazine,978
Fluocinonide,979
Piperacillin,980
methylbenzethonium chloride,981
Indapamide,982
Mexiletine,983
Chlorambucil,984
levcycloserine,985
Nialamide,986
Quinethazone,987
santonin,988
Homosalate,989
parbendazole,990
Cyclacillin,991
Ethotoin,992
Spiradoline,993
withaferin A,994
Citalopram,995
Paroxetine,996
Benfotiamine,997
Rifabutin,998
"2,6-dimethylpiperidine",999
Troleandomycin,1000
Oxybuprocaine,1001
Trihexyphenidyl,1002
benzathine benzylpenicillin,1003
Metacycline,1004
Cinchocaine,1005
Methionine sulfoximine,1006
Metrizamide,1007
Cefadroxil,1008
Tobramycin,1009
Moxonidine,1010
4-hydroxyphenazone,1011
Trimethobenzamide,1012
Idoxuridine,1013
epitiostanol,1014
pepstatin,1015
Diflunisal,1016
corynanthine,1017
salsolinol,1018
amprolium,1019
Antipyrine,1020
Tocainide,1021
Zuclopenthixol,1022
Sulpiride,1023
Sparteine,1024
pancuronium bromide,1025
alcuronium chloride,1026
tetramisole,1027
Lidocaine,1028
Clobetasol,1029
diperodon,1030
terguride,1031
Guanabenz,1032
Phenoxybenzamine,1033
Enoxacin,1034
lorglumide,1035
Flurbiprofen,1036
Timolol,1037
Carisoprodol,1038
Daunorubicin,1039
Benzbromarone,1040
Piracetam,1041
octopamine,1042
Allantoin,1043
Ceftazidime,1044
Norethisterone,1045
Homatropine,1046
Trimetazidine,1047
denatonium benzoate,1048
harmalol,1049
Dapsone,1050
Perhexiline,1051
Bufexamac,1052
Thiocolchicoside,1053
Cyclizine,1054
Bumetanide,1055
Betamethasone,1056
Cefoperazone,1057
Molsidomine,1058
Propafenone,1059
Sulfasalazine,1060
Dimenhydrinate,1061
raubasine,1062
Nomegestrol,1063
Iodipamide,1064
tetrahydroalstonine,1065
Cytisine,1066
Physostigmine,1067
Papaverine,1068
methacholine chloride,1069
spiperone,1070
alpha-yohimbine,1071
Ticarcillin,1072
Valinomycin,1073
Rotenone,1074
Pioglitazone,1075
Metrifonate,1076
Phenindione,1077
Lincomycin,1078
nipecotic acid,1079
Iobenguane,1080
Econazole,1081
hydrastine hydrochloride,1082
Chenodeoxycholic acid,1083
Pivmecillinam,1084
heptaminol,1085
Piretanide,1086
kaempferol,1087
erastin,1088
Valdecoxib,1089
Orlistat,1090
Esatenolol,1091
Fluspirilene,1092
Promethazine,1093
Etynodiol,1094
Dinoprostone,1095
6-bromoindirubin-3'-oxime,1096
Prezatide,1097
"16,16-dimethylprostaglandin E2",1098
Loxapine,1099
monocrotaline,1100
SB-202190,1101
Carmustine,1102
AH-23848,1103
SB-203580,1104
scriptaid,1105
Artemisinin,1106
Isoxicam,1107
Lomustine,1108
Alsterpaullone,1109
thapsigargin,1110
SC-19220,1111
GW-8510,1112
MG-262,1113
MS-275,1114
AH-6809,1115
Flunarizine,1116
Diphenidol,1117
Risperidone,1118
Acetazolamide,1119
Tetracaine,1120
Semustine,1121
15(S)-15-methylprostaglandin E2,1122
suramin sodium,1123
CP-944629,1124
Irinotecan,1125
meteneprost,1126
CP-863187,1127
"11-deoxy-16,16-dimethylprostaglandin E2",1128
Vinblastine,1129
15-delta prostaglandin J2,1130
Nifedipine,1131
Nitrendipine,1132
Cobalt chloride,1133
Cupric sulfate,1134
oligomycin,1135
HC toxin,1136
Cyanocobalamin,1137
lumicolchicine,1138
Cefotetan,1139
DL-alpha-Tocopherol,1140
Apigenin,1141
Myricetin,1142
SR-95639A,1143
Diphemanil Methylsulfate,1144
Metronidazole,1145
Chloramphenicol,1146
Gallamine Triethiodide,1147
Ranitidine,1148
lanatoside C,1149
Isoconazole,1150
Tranylcypromine,1151
Dantrolene,1152
Flutamide,1153
Nitrofural,1154
R-atenolol,1155
Etanidazole,1156
Tinidazole,1157
L-proline betaine,1158
Trolox C,1159
Ganciclovir,1160
Nimodipine,1161
Zidovudine,1162
Nicardipine,1163
Roxarsone,1164
SR-95531,1165
Nilutamide,1166
4-hydroxynonenal,1167
Afimoxifene,1168
Alfacalcidol,1169
Anastrozole,1170
Stanolone,1171
Aplidin,1172
Atorvastatin,1173
Bicalutamide,1174
Bpde,1175
Calcitriol,1176
Cediranib,1177
Chlorpyrifos,1178
Clinafloxacin,1179
Curcumin,1180
Cycloheximide,1181
Cyfluthrin,1182
Cytarabine,1183
Decitabine,1184
Deferasirox,1185
Epz004777,1186
Harman,1187
Lapatinib,1188
Levofloxacin,1189
Lmp-420,1190
Mk-886,1191
Mln4924,1192
Nilotinib,1193
Nsc319726,1194
Nvp-tnks656,1195
Pimecrolimus,1196
Plx4720,1197
R1881,1198
Rituximab,1199
Sevoflurane,1200
Thapsigargin,1201
Tibolone,1202
Torcetrapib,1203
Trovafloxacin,1204
Ubiquinol,1205
Vemurafenib,1206
Vx,1207
Zincacetate,1208
2 3 7 8-tetrachlorodibenzo-p-dioxin,1209
3 3' 4 4'-tetrachlorobiphenyl,1210
Adenosinetriphosphate,1211
Arachidonicacid,1212
Bexarotene,1213
Bisphenola,1214
Carboplatin,1215
Fenretinide,1216
Foretinib,1217
Gamma-tocotrienol,1218
Gatifloxacin,1219
Grepafloxacin,1220
Lipopolysaccharide,1221
Vanadiumpentoxide,1222
Phorbol12-myristate13-acetate(pma),1223
Sangivamycin(nsc65346),1224
