lncRNA,Index
AL355922.1,0
AC007389.3,1
LINC00574,2
SNHG20,3
MEG3,4
NEAT1,5
PART1,6
LINC01136,7
TP53TG1,8
AL021937.4,9
NOP14-AS1,10
LINC00563,11
SMAD5-AS1,12
AC098487.1,13
MAPKAPK5-AS1,14
LINC02172,15
SNHG14,16
SMIM27,17
PVT1,18
NDST2,19
LINC00599,20
LINC00339,21
WT1-AS,22
MMP24OS,23
AC090360.1,24
AFDN-DT,25
AL441883.1,26
KIF25-AS1,27
AL359182.1,28
ZNF213-AS1,29
MCF2L-AS1,30
AP003469.4,31
MYCNOS,32
ZNF710-AS1,33
SNHG3,34
MYMX,35
AC110760.2,36
THAP9-AS1,37
AC068870.1,38
LINC00474,39
ELOA-AS1,40
NBPF1,41
XIST,42
TP73-AS1,43
AC004690.2,44
AL157838.1,45
RHPN1-AS1,46
AC010542.4,47
AC013391.3,48
GSN-AS1,49
AC093010.3,50
AC002310.2,51
LINC00342,52
BRD3OS,53
IDI2-AS1,54
SNHG17,55
AC010834.1,56
AL034550.1,57
KLF3-AS1,58
PRIM2,59
AC141586.3,60
PYY2,61
KCNQ1DN,62
AC007405.1,63
SMG7-AS1,64
DIAPH2-AS1,65
AL157395.1,66
HEXA-AS1,67
FOXD1-AS1,68
AC007876.1,69
EGOT,70
HAND2-AS1,71
LINC01361,72
AC007613.1,73
AP001062.1,74
LINC00472,75
PRKCZ-AS1,76
AC044802.1,77
AC004817.1,78
AC004674.1,79
AC012377.1,80
VENTXP1,81
Z83844.2,82
AC036108.1,83
CERNA1,84
ANKRD40CL,85
LINC00588,86
AC027702.1,87
BPESC1,88
AL139352.1,89
VASH1-AS1,90
ENSG00000229645,91
AL117378.1,92
AC096564.2,93
FOXN3-AS2,94
CROCCP2,95
TCL6,96
ACVR2B-AS1,97
ATXN8OS,98
LINC00652,99
LINC01963,100
MIR22HG,101
CTXND1,102
NDUFB2-AS1,103
MCM3AP-AS1,104
LINC00963,105
AL450384.2,106
AL031598.1,107
TUG1,108
AL359924.1,109
RFPL1S,110
LINC00939,111
RP11-654A16.3,112
RP11-217B7.2,113
GS1-600G8.3,114
AC007405.4,115
RP11-490O6.2,116
RP11-473M20.14,117
RP11-65G9.1,118
ARAP2,119
RP1-28O17.1,120
CASP8AP2,121
RCL1,122
FTX,123
IL12A-AS1,124
AC004237.1,125
RP11-314A20.2,126
RGPD4-AS1,127
RP11-84C10.2,128
PEX5L-AS2,129
LINC00266-1,130
RP4-792G4.2,131
CTA-211A9.5,132
RP3-525N10.2,133
LINC00309,134
LINC00483,135
RP11-25K19.1,136
TAS2R1,137
AC013275.2,138
SHANK2-AS3,139
RP11-263K19.4,140
RP11-359K18.3,141
RP11-544L8__B.4,142
TTTY14,143
DDX11-AS1,144
RP11-463J7.2,145
CTD-2201E18.3,146
RP11-998D10.4,147
AP001604.3,148
RP11-143E21.6,149
GS1-24F4.2,150
AP000345.1,151
LINC00314,152
LINC00305,153
AC025335.1,154
TTTY11,155
RP4-539M6.14,156
FAM225A,157
RP11-834C11.4,158
ATG9B,159
LINC00471,160
DLEU2,161
LINC00301,162
RP11-10L12.4,163
HOXB7,164
LINC00482,165
RP11-231E19.1,166
RP1-46F2.2,167
LINC00210,168
MATN1-AS1,169
NEBL-AS1,170
RP11-161I2.1,171
RP11-53B5.1,172
LINC00319,173
RP11-431M7.3,174
RP11-756H20.1,175
AC069277.2,176
AC005772.2,177
LINC00615,178
LINC00867,179
LINC00708,180
RP11-425I13.3,181
GATA3-AS1,182
RP11-421F16.3,183
FLVCR1-AS1,184
RP3-337H4.8,185
Z99756.1,186
RP11-351J23.1,187
CTD-2313J17.5,188
AC079586.1,189
RP11-638F5.1,190
RP5-963E22.5,191
ATP11A-AS1,192
CTD-2126E3.1,193
CTC-308K20.1,194
ATP6V0E2-AS1,195
RP11-497E19.1,196
LINC00487,197
RP11-503N18.1,198
RP11-834C11.8,199
RP11-24P14.1,200
RP11-414H17.5,201
RP5-944M2.3,202
ERVH48-1,203
LINC00887,204
RP11-699L21.1,205
LINC00488,206
CTD-2251F13.1,207
AC104654.1,208
RP11-742B18.1,209
RP11-67L3.4,210
RP11-669N7.2,211
RP11-26J3.1,212
TLR8-AS1,213
LINC00598,214
CHRM3-AS2,215
LINC00189,216
LINC01139,217
KIRREL3-AS3,218
AC079354.3,219
RP5-1172A22.1,220
RP5-858B6.3,221
RP11-112L7.1,222
RP1-171K16.5,223
AC004041.2,224
RP11-15M15.1,225
AC007365.1,226
LINC00630,227
SLC26A4-AS1,228
AY269186.1,229
AC002463.3,230
AC091633.3,231
AC004947.2,232
RP11-554I8.2,233
IL10RB-AS1,234
RP11-465B22.5,235
RP11-135J2.3,236
OSER1-AS1,237
RP11-24J23.2,238
AC009948.5,239
RP11-165H23.1,240
RP11-130F10.1,241
AC005022.1,242
LINC00691,243
RP11-84D1.2,244
CTD-2350J17.1,245
RP11-151E14.1,246
AP001630.5,247
GS1-18A18.1,248
LINC01142,249
CTD-3179P9.2,250
CHL1-AS2,251
RP11-290F20.3,252
RP11-48F14.1,253
LINC01087,254
RP4-564F22.5,255
RP11-222A5.1,256
TEX26-AS1,257
RP5-933E2.1,258
LINC00853,259
TMEM72-AS1,260
AC079117.1,261
RP1-90J20.8,262
RP11-262H14.3,263
AC073283.4,264
ZBED3-AS1,265
CTB-107G13.1,266
RP5-1086K13.1,267
GAS5,268
PGM5-AS1,269
RP11-383G10.5,270
RP11-453E2.2,271
AL450226.2,272
CTD-2228K2.7,273
OSTM1-AS1,274
LINC00705,275
LINC00113,276
XXbac-B476C20.9,277
SFTA1P,278
RP1-257A15.1,279
MPRIP-AS1,280
RP11-760D2.1,281
LINC01107,282
AC002064.5,283
RP11-396C23.2,284
CTA-280A3__B.2,285
AC018799.1,286
RP11-341A22.2,287
CTD-2170G1.2,288
AC013733.4,289
DOCK4-AS1,290
RP11-550H2.1,291
RP11-70C1.1,292
DNM1P51,293
RP11-75C9.1,294
RP11-470L19.2,295
MYLK-AS1,296
AC087501.1,297
JARID2-AS1,298
RP11-354I10.1,299
GNAS-AS1,300
AC005162.4,301
SATB2-AS1,302
LINC00645,303
AC007349.5,304
ARHGAP26-AS1,305
TMEM191A,306
RP11-157P1.4,307
LINC00323,308
LINC00606,309
RP11-10C8.2,310
hsa-mir-7515,311
AC092155.4,312
RP11-128M1.1,313
AP006216.10,314
AP001189.4,315
PSMD5-AS1,316
RP11-388C12.1,317
LINC00348,318
CTD-2284J15.1,319
LINC00454,320
RP11-443A13.5,321
MAGI2-AS2,322
AP000235.2,323
LINC00658,324
PRKG1-AS1,325
AL592494.5,326
LBX1-AS1,327
RP11-157D23.1,328
LINC01153,329
AC092535.3,330
MIR663A,331
CTD-2184C24.2,332
RP11-445L13__B.3,333
AC087393.1,334
LINC00845,335
SMIM2-AS1,336
IGFBP7-AS1,337
PCGEM1,338
LINC00310,339
RP11-169D4.1,340
CCDC148-AS1,341
RP11-406A20.4,342
AC147651.4,343
RP1-28O10.1,344
RP11-315O6.1,345
RP4-753D4.2,346
SOX21-AS1,347
RP11-179A16.1,348
CLYBL-AS2,349
LINC00355,350
AC004906.3,351
RP11-102C16.3,352
RP11-439E19.3,353
RMST,354
RP11-350G8.5,355
RP11-43N5.1,356
RP11-383C5.3,357
RP11-12L8.1,358
LINC00507,359
AC105339.1,360
RP11-771K4.1,361
AL022341.3,362
AP000251.3,363
HCG11,364
RP11-132M7.3,365
RP11-251M1.1,366
LINC00687,367
RP11-392O17.1,368
RP11-550P17.5,369
HOTAIR,370
RP11-7O11.3,371
LINC00954,372
RP11-609L23.1,373
RP11-157P1.5,374
AC104653.1,375
RP4-764O22.2,376
MLK7-AS1,377
RP11-362A1.1,378
AC114752.3,379
RP11-245J24.1,380
RP11-406H4.1,381
RP11-260O18.1,382
RP11-339A11.2,383
CCDC26,384
EPHA1-AS1,385
LINC00382,386
LINC00879,387
LINC00242,388
TTTY10,389
IGSF11-AS1,390
LINC00710,391
LINC00459,392
MCHR2-AS1,393
HYI-AS1,394
RP11-460N16.1,395
RP11-347D21.4,396
AF064858.7,397
AC093627.10,398
RP11-245M24.1,399
RP5-827L5.1,400
PRAC2,401
HOXA11-AS,402
RP11-639B1.1,403
LINC00877,404
RP11-451G4.1,405
EMX2OS,406
AC064852.4,407
PTPRG-AS1,408
HHIP-AS1,409
AC104695.3,410
TOB1-AS1,411
CTC-340A15.2,412
RP4-613B23.1,413
CTD-3080P12.3,414
TMEM254-AS1,415
HOXB-AS1,416
NFE4,417
MIRLET7DHG,418
RP11-18H7.1,419
RP11-1191J2.2,420
AL022476.2,421
LINC00882,422
RP4-705O1.1,423
AC004538.3,424
SOX2-OT,425
AC092667.2,426
USP3-AS1,427
ERVMER61-1,428
CTD-2632K10.1,429
RP11-162I7.1,430
LINC00276,431
PROX1-AS1,432
RP11-422J15.1,433
LINC00880,434
RP11-475A13.2,435
FLNB-AS1,436
RP4-738P15.1,437
RP11-154D17.1,438
RP11-65D17.1,439
IQCH-AS1,440
RP11-701I24.3,441
RP6-109B7.2,442
RP11-540A21.2,443
RP11-257I14.1,444
RP11-346D6.6,445
CTD-2213F21.2,446
RP11-400N9.1,447
CTD-2012K14.7,448
AC006552.1,449
LINC00682,450
RP11-8L2.1,451
RP11-796E2.4,452
AC107622.1,453
RP11-315F22.1,454
RP11-532F12.5,455
RP11-1007O24.2,456
RP11-88H9.2,457
RP11-346I3.4,458
AC018470.4,459
CTD-3203P2.1,460
RP11-161D15.1,461
RP11-386B13.3,462
RPS6KA2-AS1,463
RP11-673E11.2,464
LINC00968,465
RP11-1149O23.3,466
LL0XNC01-116E7.2,467
RP11-669N7.3,468
RGMB-AS1,469
RP11-61A14.4,470
RP11-182J23.1,471
RP11-92G12.3,472
RP11-400D2.2,473
PHKA1-AS1,474
RP11-557H15.3,475
LINC00415,476
RP11-506N2.1,477
RP11-637A17.2,478
LINC01104,479
CARS-AS1,480
RP3-417L20.4,481
RAP2C-AS1,482
CPEB2-AS1,483
RP11-302L19.1,484
CTB-127C13.1,485
DAOA-AS1,486
RP11-425D10.10,487
AC016910.1,488
RP11-48B3.4,489
RP11-485M7.3,490
DPH6-AS1,491
RP4-794H19.1,492
RP11-472K22.1,493
CTD-2526A2.2,494
PSMD6-AS2,495
LINC00290,496
RP11-666I19.2,497
RP5-1031D4.2,498
AC084125.4,499
LA16c-313D11.9,500
RP11-1114A5.4,501
LINC00616,502
RP11-56L13.1,503
RP4-777D9.2,504
RP11-717H13.1,505
RP5-896L10.1,506
LINC00504,507
RP4-561L24.3,508
RP11-586K2.1,509
RP4-665N4.4,510
FGF10-AS1,511
CTD-3064M3.1,512
RP11-55K13.1,513
OTX2-AS1,514
LINC00327,515
RP11-768F21.1,516
AC011899.9,517
LINC01085,518
RP5-1069C8.2,519
RP11-758M4.4,520
ZFY-AS1,521
LINC00892,522
LINC01007,523
RP11-375I20.6,524
KB-1000E4.2,525
LINC00642,526
CTB-113P19.1,527
RP11-266L9.5,528
RP11-152L20.3,529
CTD-3028N15.1,530
CTD-2336O2.1,531
RP11-510D19.1,532
FAM53B-AS1,533
CTD-2275D24.2,534
RP11-170N11.1,535
LINC00543,536
RP11-575F12.1,537
SMAD1-AS2,538
RP5-865N13.1,539
RP11-340A13.1,540
LINC01091,541
RP11-547D24.1,542
RP11-500B12.1,543
LINC01122,544
RP11-253M7.1,545
RP11-95M5.1,546
LINC00656,547
RP11-476D10.1,548
LINC00536,549
AC103563.8,550
INTS6-AS1,551
LINC00299,552
RP11-496I9.1,553
RP11-250B2.3,554
RP11-354E11.2,555
RP11-143A12.3,556
FZD10-AS1,557
AP000475.2,558
CTA-992D9.6,559
RP11-574H6.1,560
RP11-364P22.1,561
CTC-471C19.1,562
OVOL1-AS1,563
RP11-324J3.1,564
RP11-700N1.1,565
RP11-19O2.2,566
RP11-308N19.1,567
ZNF295-AS1,568
CTD-3126B10.1,569
CTC-493L21.1,570
RP11-125P18.1,571
RP11-440I14.2,572
RP11-756P10.2,573
RPL34-AS1,574
RP11-486L19.2,575
RP11-783K16.14,576
MED14-AS1,577
RP11-19D2.2,578
CHL1-AS1,579
RP11-236P13.1,580
RP11-63A11.1,581
RP11-324L3.1,582
RP11-447B18.1,583
RP11-79E3.3,584
FAM170B-AS1,585
RP11-299H22.6,586
RP11-61G23.1,587
RP3-400B16.1,588
DCTN1-AS1,589
RP11-526A4.1,590
AC140542.2,591
MIR155HG,592
RP11-114G22.1,593
CTA-407F11.8,594
RP11-96B5.4,595
CTB-22K21.2,596
RP11-452H21.4,597
RP11-240A16.1,598
RP11-347D21.1,599
RP5-1166F10.1,600
RP11-360A18.2,601
RP11-171N4.1,602
RP1-60O19.1,603
LINC00919,604
RP11-39H13.1,605
AC093590.1,606
FAM83C-AS1,607
MALAT1,608
RP11-761E20.1,609
RP11-290L1.2,610
RP11-203B7.2,611
RP11-485G7.6,612
AC090627.1,613
CTD-2291D10.2,614
UBA6-AS1,615
HOXA10-AS,616
IQCF5-AS1,617
RP5-1073O3.7,618
RP11-716D16.1,619
AC008703.1,620
RP11-231K24.2,621
MEG8,622
RP11-653G8.2,623
AC145110.1,624
AC116614.1,625
RP11-284F21.8,626
RP6-91H8.1,627
AC009299.2,628
CTC-523E23.1,629
RP11-454K7.3,630
RP11-513O17.3,631
RP11-561E1.1,632
RP11-434E6.2,633
LA16c-381G6.1,634
LINC00837,635
RP11-600K15.1,636
AC023115.2,637
AC144831.1,638
MACROD2-AS1,639
LINC00635,640
AC109642.1,641
BCAR4,642
RP11-51M18.1,643
CTB-43E15.1,644
RP11-690C23.2,645
RP11-960B9.2,646
LINC00051,647
RP11-400N13.1,648
RP11-334C17.5,649
RP11-21C4.1,650
RP11-313C4.1,651
AC000099.1,652
LINC00479,653
CTB-12O2.1,654
AC012361.1,655
RP11-478P10.1,656
RP11-290H9.4,657
RP11-707P20.1,658
RP4-742J24.2,659
HOXA-AS3,660
RP11-144L1.4,661
RP11-572M11.3,662
RP11-314O13.1,663
LINC00347,664
RP11-489D6.2,665
CTD-2210P24.1,666
RP11-88I21.2,667
RP11-297L17.2,668
AC068858.1,669
RP11-778J15.1,670
RP11-430B1.2,671
LINC00529,672
RP11-945A11.2,673
RP11-303E16.7,674
RP11-65M17.3,675
RP11-165P7.1,676
RP11-326C3.2,677
RP11-1069G10.2,678
RP11-365O16.6,679
RP11-1103G16.1,680
LINC01056,681
RP11-448P19.1,682
RP11-337C18.8,683
AC090505.6,684
TBX5-AS1,685
LINC00851,686
AF067845.1,687
RP11-214L19.1,688
RP11-540K16.1,689
CTD-2506J14.1,690
RP11-696N14.1,691
AC107070.1,692
RP11-502N13.2,693
RP11-183M13.1,694
CECR7,695
RP11-356I2.4,696
RP11-428C6.2,697
CTD-2024I7.13,698
AC007386.2,699
RP11-363G15.2,700
RP13-977J11.2,701
RP11-283I3.2,702
AP000662.4,703
RP11-17G12.3,704
AC010980.2,705
RP11-403N16.3,706
RP11-783K16.13,707
RP11-450K4.1,708
TMPO-AS1,709
RP11-983P16.4,710
RP11-624J12.1,711
CTD-2643K12.3,712
AP001046.5,713
RP11-542G1.3,714
RP11-863H1.1,715
SPATA3-AS1,716
RP11-217B1.2,717
RP11-106M3.3,718
RP11-630C16.1,719
RP11-317P15.4,720
CASC18,721
LINC00558,722
RP11-644F5.11,723
FAM13A-AS1,724
RP11-508O18.1,725
RP11-781A6.1,726
CADM2-AS1,727
LINC00485,728
RP11-38F22.1,729
RP11-1070N10.4,730
RP13-735L24.1,731
CDKN2B-AS1,732
RP11-22P6.3,733
RP11-661P17.1,734
RP11-458K10.2,735
RP11-112J1.2,736
EGFLAM-AS2,737
RP5-1021I20.2,738
RP11-369C8.1,739
RP11-59E19.1,740
WWTR1-AS1,741
RP11-272D12.1,742
RP11-661G16.2,743
RP11-331K15.1,744
LIFR-AS1,745
RP11-294O2.2,746
RP11-356K23.1,747
SNAI3-AS1,748
ZBTB20-AS1,749
RP5-1021I20.1,750
RP11-709D24.6,751
LINC00559,752
RP11-457K10.1,753
LINC00639,754
LINC00648,755
AC108488.4,756
LINC00901,757
RP11-705O24.1,758
RBFADN,759
CTD-2647E9.3,760
CTB-78F1.1,761
CTD-2071N1.1,762
RP11-497K21.1,763
CTD-2083E4.4,764
LINC00928,765
RP11-298D21.2,766
RP11-46A10.5,767
RP11-21M24.2,768
RP11-355N15.1,769
RP11-102L12.2,770
RP11-807H7.1,771
CAPN10-AS1,772
FOXP1-AS1,773
RP11-529K1.2,774
LINC00557,775
RP11-1398P2.1,776
RP1-58B11.1,777
RP11-445H22.4,778
ALKBH3-AS1,779
RP11-700H6.1,780
AC009120.4,781
RP11-296I10.3,782
RP11-708J19.1,783
RP11-1078H9.6,784
SPTY2D1-AS1,785
CTD-2194D22.2,786
RP1-167G20.1,787
RP11-669C19.1,788
RP11-945C19.1,789
RP11-308D13.3,790
CTD-2536I1.1,791
RP11-760D2.11,792
RP11-218F4.1,793
RP11-254F7.1,794
RP11-355E10.1,795
LOXL1-AS1,796
RP11-325N19.3,797
RP11-320N7.2,798
RP11-215H22.1,799
RP11-626G11.1,800
RP11-59E19.4,801
RP11-568N6.1,802
RP11-352B15.2,803
LINC00556,804
CSTF3-AS1,805
CTA-331P3.1,806
RP11-209D14.2,807
RP3-333B15.4,808
RP11-21L23.3,809
CTC-276P9.1,810
RP11-24I21.1,811
PAN3-AS1,812
NTRK3-AS1,813
CTC-384G19.1,814
RP11-18F14.1,815
CTD-2339F6.1,816
CTD-2291D10.1,817
RP11-219B4.3,818
RP11-166P13.4,819
RP11-504A18.1,820
RP11-186F10.2,821
RP11-1080G15.1,822
RP11-515O17.3,823
RP11-401P9.5,824
KB-1568E2.1,825
KB-1460A1.5,826
RP3-406A7.7,827
RP11-44F14.8,828
DLGAP1-AS2,829
RP11-775C24.3,830
CTD-3088G3.6,831
RP1-149C7.1,832
LINC00514,833
RP11-510C10.4,834
CTD-2647L4.1,835
RP1-39J2.1,836
RP11-304C12.3,837
RP11-483I13.5,838
LINC00922,839
AC009166.5,840
RP11-1E4.1,841
RP11-84C10.4,842
RP11-353N14.2,843
RP11-61A14.1,844
RP11-809F4.3,845
RP11-713M6.2,846
LINC00644,847
RP11-153K16.2,848
AC105760.3,849
LINC00029,850
MAGI1,851
LINC00486,852
GATM,853
GRIK1-AS1,854
RP11-617D20.1,855
CTD-2037K23.2,856
RP5-1007G16.1,857
MIR7-3HG,858
RP11-715J22.2,859
LINC00304,860
RP11-386I8.6,861
Z83851.3,862
RP5-855F14.1,863
LINC00313,864
LINC00643,865
IDH1-AS1,866
RP11-588G21.2,867
SPATA41,868
LINC00176,869
LINC00238,870
RP11-274H24.1,871
AC090286.4,872
AC015969.3,873
LINC00970,874
RP11-132A1.4,875
SPATA42,876
RP11-290F20.1,877
RSU1P2,878
TDRG1,879
AC079742.4,880
AC074289.1,881
RP5-1004I9.1,882
LINC01121,883
H1FX-AS1,884
RP11-475O6.1,885
LINC00277,886
LINC00671,887
RP11-453F18__B.1,888
RP11-31K23.2,889
RP11-138I17.1,890
VAC14-AS1,891
AP000472.2,892
LINC00478,893
MIR17HG,894
AP001053.11,895
RP11-397G17.1,896
NKAPP1,897
RP11-434D9.1,898
CASC11,899
RP3-467K16.2,900
AC079305.10,901
MEG9,902
LINC00690,903
LINC01137,904
RP11-716O23.1,905
LINC00284,906
RP11-54O7.3,907
RP4-598G3.1,908
RP11-125M16.1,909
LL22NC03-86G7.1,910
AC009506.1,911
DNAJC27-AS1,912
AP000253.1,913
LINC00320,914
RP11-349E4.1,915
LINC00337,916
RP11-55K22.5,917
RP11-63P12.6,918
BOLA3-AS1,919
RP11-443C10.1,920
RP11-127O4.3,921
LINC01102,922
RUSC1-AS1,923
RP1-69M21.2,924
HAR1A,925
FGF13-AS1,926
AC018705.5,927
RP11-436I24.1,928
RP11-276H19.1,929
ISPD-AS1,930
RP4-813D12.3,931
CTD-2135D7.4,932
KB-1410C5.2,933
ST7-AS2,934
AC093375.1,935
PARD3-AS1,936
SLC16A1-AS1,937
RP11-10A14.7,938
RP1-117O3.2,939
FAM66C,940
DAB1-AS1,941
RP11-203B9.4,942
AC011893.3,943
AC097724.3,944
RP11-594N15.2,945
SLC8A1-AS1,946
RP5-1184F4.5,947
AC005358.3,948
DIAPH3-AS1,949
SNHG9,950
SLC2A1-AS1,951
RP11-13E5.2,952
RP11-492E3.2,953
SH3RF3-AS1,954
SUCLA2-AS1,955
PXN-AS1,956
AC099684.1,957
RP11-541F9.2,958
RP11-955H22.3,959
RP3-508I15.9,960
RP11-255G21.1,961
TEX36-AS1,962
RP1-224A6.3,963
RP5-1120P11.1,964
RP5-872K7.7,965
RP11-787B4.2,966
SRGAP3-AS2,967
GS1-18A18.2,968
AP001626.2,969
RP11-38C18.3,970
MIR4500HG,971
RP11-268G12.1,972
HNF4A-AS1,973
RP11-265D19.6,974
RP5-952N6.1,975
RP11-360P21.2,976
RP11-167N24.3,977
RP11-20J15.3,978
RP11-90K6.1,979
AC007038.7,980
RP11-887P2.5,981
AC003986.5,982
AC108056.1,983
RP11-462L8.1,984
LINC00881,985
RP3-495K2.2,986
AC013460.1,987
RP11-314N13.3,988
RP5-971N18.3,989
RP11-799P8.1,990
COX10-AS1,991
PVRL3-AS1,992
RP11-90C4.2,993
RP11-334J6.6,994
NAALADL2-AS3,995
RP11-420G6.4,996
RP5-1157M23.2,997
MNX1-AS1,998
RP11-798K3.2,999
RP11-521D12.5,1000
RP11-752G15.3,1001
LINC00052,1002
RP11-259A24.1,1003
AC108676.1,1004
RP11-584P21.2,1005
RP11-767N6.7,1006
RP11-875O11.1,1007
RP11-293M10.5,1008
LINC00326,1009
LINC00461,1010
DACT3-AS1,1011
RP11-277P12.20,1012
AC011752.1,1013
NADK2-AS1,1014
ITPR1-AS1,1015
RP11-18H21.1,1016
AP000696.2,1017
RP11-410E4.1,1018
RP11-260E18.1,1019
SBF2-AS1,1020
IL21R-AS1,1021
RP11-13A1.1,1022
RP11-553L6.5,1023
CTD-2382E5.1,1024
LINC01103,1025
PCAT7,1026
AC093391.2,1027
LINC00920,1028
LINC00564,1029
RP5-1007M22.2,1030
CTB-109A12.1,1031
RP11-307C12.11,1032
RP11-557H15.4,1033
RP11-79P5.2,1034
LINC01019,1035
LINC00838,1036
MEF2C-AS1,1037
RP11-713M15.1,1038
RP11-619L12.4,1039
RP11-1081M5.2,1040
AC124997.1,1041
RP11-319E12.1,1042
RP1-265C24.8,1043
RP11-344G13.1,1044
AC004158.3,1045
RP11-366L5.1,1046
RP11-872J21.3,1047
RP11-23F23.2,1048
RP11-79C6.3,1049
RP11-417F21.1,1050
RP11-613D13.8,1051
RP11-109E10.1,1052
KIRREL3-AS2,1053
RP11-9G1.3,1054
LINC01021,1055
CLSTN2-AS1,1056
JAZF1-AS1,1057
RP11-501J20.2,1058
RP11-704C2.1,1059
RP11-629O1.2,1060
AC125421.1,1061
RP11-322J23.1,1062
CTD-2049O4.1,1063
AC092660.1,1064
RP1-63G5.7,1065
RP11-374P20.4,1066
CTB-33O18.3,1067
RP11-3L8.3,1068
RP11-863K10.2,1069
RP11-152O14.1,1070
LINC00263,1071
RP11-141J13.5,1072
NEXN-AS1,1073
TTC28-AS1,1074
RP13-1032I1.7,1075
RP11-756K15.2,1076
LINC00445,1077
RP11-363E6.3,1078
RBPMS-AS1,1079
RP11-15K3.1,1080
CTD-2047H16.4,1081
RP11-526I2.1,1082
CTC-378H22.1,1083
RP11-299H22.1,1084
LINC00555,1085
RP11-300A12.2,1086
RP11-63D14.1,1087
RP11-565A3.2,1088
RP11-201A3.1,1089
RP11-587D21.4,1090
RP11-115C21.2,1091
FOXD2-AS1,1092
CTD-2302E22.4,1093
RP11-366M4.3,1094
CTD-2520I13.1,1095
USP30-AS1,1096
RP11-539L10.2,1097
RP11-54A4.2,1098
RP11-966I7.2,1099
LINC00844,1100
RP11-443B7.1,1101
RP11-384J4.1,1102
AC009133.14,1103
LBX2-AS1,1104
RP11-540D4.3,1105
CTD-2576D5.4,1106
RP11-70F11.8,1107
RP11-111J6.2,1108
RP11-864J10.4,1109
KMT2E-AS1,1110
LINC00973,1111
RP11-14J7.6,1112
RP11-81N13.1,1113
CT60,1114
USP46-AS1,1115
CTD-3049M7.1,1116
LINC01146,1117
RPPH1,1118
CASC16,1119
DNAJB8-AS1,1120
RP11-546O6.4,1121
RP11-379K22.2,1122
RP11-446F17.3,1123
ARHGEF26-AS1,1124
RP11-109E24.2,1125
RP11-440L14.1,1126
LINC00927,1127
RP11-531A24.3,1128
RP11-44F21.3,1129
RP11-707A18.1,1130
AQP4-AS1,1131
RP11-626I20.3,1132
RP11-467D6.1,1133
LINC01096,1134
RP3-513G18.2,1135
LINC00561,1136
RP1-179N16.6,1137
RP11-489G11.3,1138
RP3-496C20.1,1139
RP11-791M20.1,1140
RP11-533E19.5,1141
AC156455.1,1142
RP11-1006G14.1,1143
RP11-65J3.14,1144
RP11-855O10.2,1145
RP11-856M7.1,1146
RP11-319E16.1,1147
RP11-143I21.1,1148
CTD-2561B21.11,1149
RP11-81H3.2,1150
AF001548.5,1151
RP1-302G2.5,1152
RP5-968P14.2,1153
RP11-142C4.6,1154
CTA-445C9.14,1155
RP11-252C15.1,1156
RP11-179B15.6,1157
RP11-285A1.1,1158
RP11-103J17.2,1159
ALDH3B1,1160
PIGL,1161
RP11-74C13.3,1162
TTC5,1163
RP1-149A16.3,1164
AC079807.4,1165
CTD-2377D24.6,1166
RP11-113E21.1,1167
LINC00521,1168
MRVI1-AS1,1169
LINC00311,1170
LINC00174,1171
AC016700.5,1172
LINC00396,1173
LINC00899,1174
CTA-833B7.2,1175
DLX6-AS1,1176
LINC00158,1177
LINC00839,1178
RP11-764E7.1,1179
CTB-161K23.1,1180
LINC00943,1181
CTBP1-AS2,1182
RP11-1277A3.1,1183
MLLT4-AS1,1184
AC004988.1,1185
AC012507.3,1186
RP4-591N18.2,1187
ST8SIA6-AS1,1188
WI2-81516E3.1,1189
C1RL-AS1,1190
VPS13A-AS1,1191
KRBOX1-AS1,1192
AC012531.25,1193
AC012487.2,1194
CDIPT-AS1,1195
RP11-544I20.2,1196
AC091878.1,1197
LINC01020,1198
RP11-760D2.5,1199
DSCR10,1200
BCORP1,1201
RP11-426L16.8,1202
LINC00841,1203
RP11-111I12.1,1204
RP11-1018N14.1,1205
RP5-1039K5.16,1206
AC093690.1,1207
LINC01120,1208
AC016909.1,1209
RP11-554D15.1,1210
MYCNUN,1211
AC097468.4,1212
RP11-30P6.6,1213
AL109763.2,1214
LINC00617,1215
RP11-442O18.2,1216
RP13-539F13.3,1217
RP11-191L9.4,1218
AC114730.3,1219
RP11-151A6.4,1220
RP11-466F5.8,1221
LINC00703,1222
LINC00620,1223
RP11-38C18.2,1224
CITF22-49D8.1,1225
RP11-94M14.2,1226
AP000469.2,1227
RP5-1109J22.2,1228
POT1-AS1,1229
AP001347.6,1230
RP11-225H22.4,1231
RP11-745C15.2,1232
RP11-309M7.1,1233
RP5-991C6.3,1234
RP11-330M19.1,1235
LINC00163,1236
AC073283.7,1237
AC093822.1,1238
DPP10-AS1,1239
LINC01094,1240
CTC-313D10.1,1241
RP11-399E6.1,1242
EPN2-AS1,1243
AC068535.3,1244
LINC00626,1245
LINC00494,1246
PCA3,1247
AC093326.2,1248
LEMD1-AS1,1249
RP11-307P5.2,1250
RP1-140J1.1,1251
RBMS3-AS3,1252
RP13-614K11.2,1253
SORCS3-AS1,1254
RP11-406O16.1,1255
AP000289.6,1256
RP11-407B7.1,1257
AC010145.4,1258
AC097662.2,1259
RP11-432J24.5,1260
LINC00354,1261
RP11-523L1.2,1262
NAV2-AS2,1263
RP11-395B7.4,1264
WDR11-AS1,1265
LINC00307,1266
AL157902.3,1267
STK4-AS1,1268
AC109333.10,1269
NR2F1-AS1,1270
RP11-480D4.1,1271
FAM212B-AS1,1272
LINC01071,1273
LINC00948,1274
LINC00925,1275
RP11-276H7.2,1276
RP4-781K5.4,1277
RP11-461O7.1,1278
RP11-64D24.4,1279
RP5-1043L13.1,1280
RP11-343J18.1,1281
AC007740.1,1282
LINC01125,1283
U1,1284
AP000459.4,1285
RP4-668G5.1,1286
RP3-399L15.3,1287
PRKCQ-AS1,1288
RP1-197B17.3,1289
AC136896.1,1290
RP11-295M18.2,1291
AC020571.3,1292
AC027269.2,1293
AP000266.7,1294
AC012494.1,1295
LSAMP-AS1,1296
FAM181A-AS1,1297
RP11-298H24.1,1298
Z83851.1,1299
RP11-456H18.2,1300
AC012499.1,1301
RP4-568F9.6,1302
LINC00996,1303
RP1-40E16.9,1304
RP11-385F5.4,1305
AC005062.2,1306
RP11-560G2.1,1307
RP11-298O21.5,1308
LINC00698,1309
RP4-601K24.1,1310
A2M-AS1,1311
AC105402.4,1312
AC078842.4,1313
AC007099.1,1314
RP11-620J15.2,1315
RP11-34F13.2,1316
RP11-630D6.5,1317
PWRN1,1318
LINC00689,1319
RP11-875O11.2,1320
RP11-632K5.3,1321
AC007880.1,1322
RP11-10L7.1,1323
RP11-68L18.1,1324
RP11-519M16.1,1325
LINC00202-2,1326
RP11-461L18.1,1327
RP11-108B14.5,1328
RP11-152L7.2,1329
CTD-2530H12.1,1330
RP11-44F21.2,1331
RP11-385M4.1,1332
AC010744.1,1333
RP3-322G13.5,1334
CTA-397C4.2,1335
RP11-93B14.5,1336
NALCN-AS1,1337
RP11-338C15.5,1338
NPHP3-AS1,1339
ZFHX4-AS1,1340
LINC00884,1341
RP11-290F20.2,1342
CTD-2076M15.1,1343
RP11-439E19.9,1344
LINC00608,1345
SIX3-AS1,1346
RP11-439E19.10,1347
RP11-214L13.1,1348
OVAAL,1349
RP11-384P7.7,1350
SLC7A11-AS1,1351
LINC01018,1352
RP11-677M14.3,1353
RP11-379J5.5,1354
GS1-279B7.1,1355
RP11-672L10.1,1356
RP11-539G18.2,1357
RP11-234B24.2,1358
AP000330.8,1359
AC010096.1,1360
AC007557.2,1361
RP3-388M5.9,1362
RP11-402L6.1,1363
HOXC-AS3,1364
RP11-25I15.3,1365
PCAT4,1366
LINC00700,1367
RP11-328N19.1,1368
AC074389.9,1369
LINC00317,1370
RP11-429B14.4,1371
RP11-536I6.1,1372
RP11-673E1.1,1373
RP11-6O2.3,1374
RP11-230B22.1,1375
STAU2-AS1,1376
AC006277.2,1377
SSTR5-AS1,1378
RP5-991O23.1,1379
LINC00993,1380
AC106801.1,1381
LINC00894,1382
NKX2-1-AS1,1383
RP11-174G17.2,1384
LZTS1-AS1,1385
RP11-579E24.1,1386
AC025442.3,1387
RP11-1008C21.2,1388
RP3-332B22.1,1389
RP11-45K10.2,1390
RP3-473B4.3,1391
RP11-333A23.4,1392
LINC00911,1393
TRHDE-AS1,1394
RP11-12M5.1,1395
CTD-2547L24.4,1396
AC004019.13,1397
AC006004.1,1398
Z97634.3,1399
LINC00421,1400
GLIS3-AS1,1401
RP11-843A23.1,1402
RP5-1027O15.1,1403
AC007163.3,1404
CTD-2337I7.1,1405
RP11-236J17.3,1406
RP11-736K20.5,1407
RP11-91I8.1,1408
HOXD-AS2,1409
RP11-554A11.6,1410
LINC01115,1411
RP11-360O19.4,1412
RP13-81N3.2,1413
DNM1P35,1414
RP11-996F15.2,1415
RP11-262H14.1,1416
FAM183CP,1417
RP11-379F4.4,1418
RP11-307O13.1,1419
SRD5A3-AS1,1420
MIR146A,1421
RP11-429A20.4,1422
LINC00930,1423
DIO2-AS1,1424
CTD-2292M16.8,1425
RP11-553L6.2,1426
RP11-420J11.2,1427
RP1-178F10.1,1428
NAV2-AS4,1429
LINC00870,1430
CTD-3253I12.1,1431
CTD-2236F14.1,1432
RP11-753A21.1,1433
RP11-1007O24.3,1434
RP11-794P6.6,1435
BDNF-AS,1436
LINC00567,1437
RP6-91H8.2,1438
RP11-646E18.4,1439
RP11-354P17.15,1440
RP11-202D1.2,1441
RP11-480I12.10,1442
CTD-3193O13.1,1443
RP11-318A15.2,1444
EGFLAM-AS4,1445
ITPK1-AS1,1446
RP6-201G10.2,1447
RP11-11N9.4,1448
LINC01016,1449
RP11-513N24.1,1450
RP11-333E1.1,1451
RP1-155D22.2,1452
RP11-333O1.1,1453
RP11-24D15.1,1454
RP11-164P12.3,1455
RP11-684B21.1,1456
CTD-2296D1.2,1457
RP11-44F21.5,1458
LINC00944,1459
AC011343.1,1460
RP11-554A11.8,1461
LINC00565,1462
CTC-210G5.1,1463
AP001505.9,1464
CTD-3046C4.1,1465
RP11-168L7.3,1466
SETD5-AS1,1467
LINC00511,1468
LINC00847,1469
GABPB1-AS1,1470
AP001372.2,1471
RP1-239B22.5,1472
LINC01003,1473
RP3-437I16.1,1474
AC007364.1,1475
LINC01116,1476
MIR205HG,1477
LINC00208,1478
RP11-410D17.2,1479
FER1L6-AS1,1480
PTRH1,1481
LINC00477,1482
AC012456.3,1483
RP11-713P17.3,1484
RP11-693J15.5,1485
RP11-135A1.2,1486
ADARB2-AS1,1487
CYP1B1-AS1,1488
LINC00269,1489
RP11-415J8.5,1490
CLDN10-AS1,1491
AC005083.1,1492
AP001048.4,1493
AC093326.1,1494
LINC01057,1495
INHBA-AS1,1496
AC079767.4,1497
AC003665.1,1498
RP11-134G8.8,1499
AC021016.6,1500
RP3-439F8.1,1501
RP11-809C18.3,1502
RP11-378J18.3,1503
RP11-73G16.1,1504
RP5-994D16.3,1505
AC104134.2,1506
C9orf135-AS1,1507
AP001627.1,1508
PROSER2-AS1,1509
RP3-495K2.3,1510
KCNIP2-AS1,1511
AC009336.24,1512
RP11-506B6.6,1513
C10orf71-AS1,1514
TEX41,1515
RP11-426A6.5,1516
RP11-125B21.2,1517
BSN-AS2,1518
RP11-266A24.1,1519
RP11-171A24.2,1520
AC011995.3,1521
RP11-168E17.1,1522
RP11-767I20.1,1523
RP11-218I7.2,1524
LINC01165,1525
RP11-775D22.2,1526
AC002310.7,1527
AC098973.1,1528
RP11-451G4.2,1529
IQCJ-SCHIP1-AS1,1530
RP11-378I13.1,1531
RP11-344E13.3,1532
RP11-80B9.4,1533
RP11-402G3.5,1534
AP001065.2,1535
RP1-149A16.17,1536
RP4-737E23.2,1537
PSMG3-AS1,1538
AC093609.1,1539
RP11-243E13.1,1540
XXyac-YR29IB3.1,1541
RP11-34A14.3,1542
RP11-279F6.1,1543
LINC00441,1544
RP11-1094H24.4,1545
LINC01105,1546
RP11-392P7.6,1547
RP11-543C4.1,1548
RP11-46A10.4,1549
RP11-634B7.4,1550
LINC00992,1551
RP11-375O18.2,1552
UBE2E2-AS1,1553
RP11-295G20.2,1554
RP4-665J23.1,1555
LINC01158,1556
FBXL19-AS1,1557
RP11-548M13.1,1558
RP11-65J3.1,1559
NAV2-AS5,1560
MIR4313,1561
AC006372.4,1562
RP5-942I16.1,1563
RP3-325F22.3,1564
RP4-694A7.4,1565
RP11-794P6.1,1566
RP3-512B11.3,1567
RP11-138B4.1,1568
RP11-253E3.3,1569
LINC00458,1570
RP11-540O11.1,1571
RP11-45L9.1,1572
RP11-420A23.1,1573
RP11-166A12.1,1574
AC012360.6,1575
LINC00961,1576
RP13-467H17.1,1577
RP11-90P13.1,1578
RP11-307C19.3,1579
CTC-436K13.5,1580
RP11-483H20.6,1581
AP001605.4,1582
U91319.1,1583
RP11-394G3.2,1584
CTC-479C5.6,1585
snoU13,1586
RP11-111E14.1,1587
RP11-517C16.2,1588
LINC01010,1589
RP11-167H9.6,1590
RP11-77H9.8,1591
RP11-396F22.1,1592
CNTFR-AS1,1593
RP11-280O1.2,1594
RP11-319E16.2,1595
RP11-862G15.2,1596
RP13-20L14.1,1597
RP11-829H16.3,1598
RASSF8-AS1,1599
AC079922.3,1600
RP11-273B20.1,1601
MIR210HG,1602
CT64,1603
RP11-319G6.1,1604
RP11-579D7.4,1605
RP11-440L14.3,1606
RP11-747D18.1,1607
RP11-493L12.3,1608
PLCH1-AS1,1609
RP11-588H23.3,1610
DIO3OS,1611
RP4-555D20.2,1612
RP11-244H3.1,1613
RP11-669I1.1,1614
RP11-227D13.1,1615
RP11-572C21.1,1616
RP11-416O18.1,1617
LINC00929,1618
RP11-184E9.2,1619
CTD-2161F6.3,1620
RP11-231N3.1,1621
CACNA1G-AS1,1622
CTD-2256P15.2,1623
RP11-95H3.1,1624
RP11-1012E15.1,1625
RP11-804F13.1,1626
RP11-490G2.2,1627
RP11-230G5.2,1628
CTD-2587M23.1,1629
RP11-785F11.1,1630
RP11-693J15.4,1631
LINC01095,1632
RP11-2O17.2,1633
RP11-189E14.4,1634
RP4-647C14.3,1635
RP11-1008C21.1,1636
RP11-231D20.2,1637
LA16c-329F2.1,1638
CTC-277H1.7,1639
FAM222A-AS1,1640
MIR503HG,1641
UCA1,1642
LINC00607,1643
RP11-847H18.2,1644
AC108142.1,1645
RP4-724E16.2,1646
SRRM2-AS1,1647
RP11-37N22.1,1648
ITGB2-AS1,1649
ST7-AS1,1650
RP4-544H6.2,1651
RP11-112J3.16,1652
RP3-395M20.9,1653
LINC00858,1654
KCNQ1-AS1,1655
RP11-184I16.4,1656
RP11-373N22.3,1657
AP001171.1,1658
RP11-111K18.2,1659
RFTN1P1,1660
RP11-676J12.6,1661
RP11-24P4.1,1662
RP1-93H18.6,1663
RP11-547I7.2,1664
RP11-343H5.6,1665
RP11-400K9.4,1666
RP11-433J8.1,1667
RP11-413B19.2,1668
LINC00535,1669
RP11-757F18.5,1670
RP4-630C24.3,1671
RP11-714L20.1,1672
MMP24-AS1,1673
RP11-181G12.2,1674
AP001062.7,1675
CTA-134P22.2,1676
TOPORS-AS1,1677
RP11-10N23.4,1678
RP11-499E18.1,1679
RP11-499P20.2,1680
RP11-2E17.1,1681
Z83844.1,1682
RP11-566E18.3,1683
RP5-886K2.3,1684
LINC00338,1685
Y_RNA,1686
RP1-223E5.4,1687
RP11-930P14.2,1688
RP11-795F19.5,1689
RP11-617F23.1,1690
TUSC7,1691
TPTEP1,1692
CTB-89H12.4,1693
H19,1694
FXYD2,1695
LINC00525,1696
ZNF674-AS1,1697
MIR4435-1HG,1698
RP11-677M14.7,1699
CCDC13-AS1,1700
SNHG11,1701
DLGAP1-AS1,1702
ZFAS1,1703
LINC00324,1704
AC073072.5,1705
AC007246.3,1706
RP5-1027G4.3,1707
RP11-290F5.2,1708
WDFY3-AS2,1709
COL18A1-AS1,1710
LINC00518,1711
LINC00523,1712
LINC00173,1713
RP11-296O14.3,1714
AC074391.1,1715
CHKB-AS1,1716
RP11-429H9.4,1717
AC074286.1,1718
RP11-421L21.3,1719
AC004540.5,1720
CTD-2194D22.4,1721
TTTY5,1722
RP5-1024G6.5,1723
LINC00462,1724
AC003090.1,1725
RP11-71G7.1,1726
RP4-717I23.3,1727
LINC00205,1728
LINC01133,1729
LAMTOR5-AS1,1730
AC099850.1,1731
SDCBP2-AS1,1732
AL022344.5,1733
JPX,1734
LINC00475,1735
DBH-AS1,1736
AC002310.12,1737
AC073321.4,1738
RP3-476K8.3,1739
ZNF503-AS1,1740
AC099342.1,1741
AC007461.2,1742
BAIAP2-AS1,1743
RP11-16N11.2,1744
ENTPD1-AS1,1745
LINC00424,1746
AC007365.3,1747
AC093901.1,1748
LHFPL3-AS1,1749
RP11-262K1.1,1750
RP11-63B19.1,1751
AP006285.6,1752
RBM26-AS1,1753
SPAG5-AS1,1754
RP11-193H5.1,1755
RP11-30K9.6,1756
RAPGEF4-AS1,1757
DPP10-AS3,1758
UNC5B-AS1,1759
DGCR5,1760
RNF144A-AS1,1761
PCAT6,1762
RP11-173B14.4,1763
RP11-2A4.3,1764
GHRLOS,1765
LINC00452,1766
MIR194-2,1767
LINC00969,1768
DSCR9,1769
APCDD1L-AS1,1770
RP11-466A17.1,1771
RP11-736K20.6,1772
CTD-2514K5.2,1773
TMEM44-AS1,1774
RP11-558F24.4,1775
AL035610.1,1776
CD81-AS1,1777
NR2F2-AS1,1778
AC093415.2,1779
AC034220.3,1780
LINC00028,1781
AC026471.6,1782
HOTAIRM1,1783
RP1-187B23.1,1784
LINC00964,1785
BFSP2-AS1,1786
KRTAP5-AS1,1787
ZNF718,1788
AC010987.6,1789
PRMT5-AS1,1790
TOLLIP-AS1,1791
AC010982.1,1792
CTD-2324F15.2,1793
MAGI2-AS3,1794
DSCAM-AS1,1795
AP001063.1,1796
RP11-108M9.4,1797
CTD-2366F13.1,1798
LINC00957,1799
AP000265.1,1800
RP11-536G4.2,1801
DICER1-AS1,1802
CTD-2561B21.5,1803
RP13-582O9.5,1804
LINC00520,1805
IDS,1806
RP13-452N2.1,1807
RP11-85F14.5,1808
RP11-89M16.1,1809
AL773604.8,1810
MIR3150A,1811
RP11-10K16.1,1812
RP11-45P15.4,1813
RP11-31F15.2,1814
C6orf3,1815
RP11-890B15.3,1816
PITRM1-AS1,1817
RP11-266L9.2,1818
AC003075.4,1819
LINC00515,1820
LINC00924,1821
PRKAG2-AS1,1822
RP11-572C15.5,1823
RP11-49I11.1,1824
RP11-806K15.1,1825
LINC00926,1826
CASC17,1827
RP11-723G8.1,1828
RP11-279O17.1,1829
DOCK9-AS2,1830
RP11-544D21.2,1831
RP3-416H24.1,1832
RP11-664D1.1,1833
KB-431C1.4,1834
RP11-121C2.2,1835
SOCS2-AS1,1836
CTA-29F11.1,1837
RP11-85A1.3,1838
RP11-102M11.2,1839
RP11-403P17.3,1840
AF213884.2,1841
RP11-597D13.8,1842
RP11-247L20.4,1843
LINC00261,1844
RP1-17K7.2,1845
RP11-48G14.2,1846
RP11-412D9.4,1847
RP11-83N9.5,1848
RP11-178L8.5,1849
AC092162.1,1850
KCP,1851
MTUS2-AS1,1852
ALDH1L1-AS2,1853
ACTA2-AS1,1854
AC011738.4,1855
DLG3-AS1,1856
RP11-404O13.1,1857
BPIFA4P,1858
AC093673.5,1859
RPS10P7,1860
TINCR,1861
RP4-613A2.1,1862
RP11-109P14.9,1863
EPB41L4A-AS1,1864
RP11-510C10.2,1865
RP11-168O10.6,1866
LINC00184,1867
AC096574.4,1868
RP11-83A16.1,1869
RP1-18D14.7,1870
LINC00161,1871
CBR3-AS1,1872
AC018647.3,1873
RP11-263K4.3,1874
RP3-400N23.6,1875
RP4-647C14.2,1876
RP11-521D12.1,1877
RP11-10N16.2,1878
CECR3,1879
RP11-285F7.2,1880
LINC00856,1881
RP11-89K21.1,1882
RP11-219B17.1,1883
AC012146.7,1884
RP11-753A21.2,1885
AF096876.1,1886
RP5-1120P11.3,1887
PAXBP1-AS1,1888
CTD-2199O4.3,1889
RP11-844P9.2,1890
LINC01088,1891
RP1-69D17.3,1892
AC104809.4,1893
RP11-16L9.3,1894
LINC01111,1895
CTD-2143L24.1,1896
DLG5-AS1,1897
RP11-195M16.3,1898
LINC00589,1899
AC109828.1,1900
RP11-273G15.2,1901
AC068138.1,1902
RP11-474P2.2,1903
RP11-770E5.1,1904
RP11-893F2.14,1905
RP11-271O3.1,1906
RP1-30G7.2,1907
SENCR,1908
TTTY12,1909
RP4-594L9.2,1910
RP11-862G15.1,1911
RP3-395M20.8,1912
RP11-359B12.2,1913
RP11-140I24.1,1914
RP11-109G23.3,1915
RP11-388M20.6,1916
RP11-321E2.4,1917
RP11-177H2.2,1918
RP11-395N3.1,1919
RP11-37C7.3,1920
RP11-438N16.1,1921
LINC00662,1922
AC025171.1,1923
RP11-534L20.5,1924
RP11-953B20.1,1925
MIR302B,1926
RP11-560A15.4,1927
VPS9D1-AS1,1928
CTD-2015G9.1,1929
LINC00982,1930
CASC2,1931
RP11-418J17.1,1932
LINC00334,1933
DYNLL1-AS1,1934
RP11-383C5.4,1935
DLG1-AS1,1936
AC017104.6,1937
RP11-328M4.2,1938
LARGE-AS1,1939
RP11-37B2.1,1940
RP1-65J11.5,1941
LINC00605,1942
AC068610.3,1943
CTA-217C2.1,1944
LINC00582,1945
SACS-AS1,1946
ARHGAP5-AS1,1947
THAP7-AS1,1948
CRNDE,1949
RP4-697P8.3,1950
RP11-744D14.2,1951
RP11-46C24.7,1952
RP11-495K9.5,1953
RP11-126K1.6,1954
TRIM52-AS1,1955
RP11-96D1.11,1956
RP11-111M22.3,1957
RP11-95H11.1,1958
RP11-702F3.3,1959
RP11-421P23.1,1960
RP11-109D9.4,1961
SNHG12,1962
RP4-530I15.6,1963
LINC-PINT,1964
ZBED5-AS1,1965
RP11-752G15.6,1966
RP11-539L10.3,1967
RP11-304L19.5,1968
USP6NL,1969
FGD5-AS1,1970
RP4-773N10.4,1971
RP11-477D19.2,1972
CTD-3051D23.4,1973
LINC00116,1974
RP11-488L18.10,1975
SNHG5,1976
RP11-372E1.4,1977
RP4-758J18.10,1978
RP11-66N24.3,1979
LINC00343,1980
RP11-1055B8.4,1981
HOXD-AS1,1982
LINC00612,1983
AC141928.1,1984
U47924.27,1985
AC091729.9,1986
RP11-308D16.4,1987
RP11-340I6.8,1988
RP11-752D24.3,1989
EXTL3-AS1,1990
LINC00427,1991
LINC00852,1992
LY86-AS1,1993
RP11-983C2.2,1994
AC096559.1,1995
STK24-AS1,1996
CTC-321K16.4,1997
CFLAR-AS1,1998
RP13-60M5.2,1999
TFAP2A-AS1,2000
RP11-6F2.5,2001
PRRT3-AS1,2002
LEF1-AS1,2003
RP11-730N24.1,2004
RP11-71E19.5,2005
RP11-899L11.1,2006
RP6-191P20.4,2007
LINC01134,2008
AC137932.5,2009
AC009133.15,2010
RP11-761I4.3,2011
PCED1B-AS1,2012
LINC01006,2013
STXBP5-AS1,2014
DANCR,2015
RP11-157E14.1,2016
RP11-474D1.2,2017
RP11-680F8.1,2018
RP11-251P6.1,2019
LA16c-395F10.2,2020
AC009299.3,2021
RP11-505K9.1,2022
BCDIN3D-AS1,2023
MMRN2,2024
MIR4458HG,2025
RP11-480A16.1,2026
NPSR1-AS1,2027
RP5-1180C10.2,2028
RP11-320M2.1,2029
WASIR2,2030
RP11-379K17.4,2031
UBL7-AS1,2032
PTCHD3P1,2033
SH3BP5-AS1,2034
UBAC2-AS1,2035
RP11-933H2.4,2036
CTC-400I9.1,2037
HPYR1,2038
RP11-701P16.5,2039
RP11-278I4.2,2040
RP11-218M22.1,2041
RP11-98D18.9,2042
AC062029.1,2043
LINC00467,2044
LINC00330,2045
PWRN2,2046
AC104777.2,2047
RP4-639F20.1,2048
GMDS-AS1,2049
DNAJC3-AS1,2050
TPT1-AS1,2051
RP11-643M14.1,2052
GRTP1-AS1,2053
RP1-1J6.2,2054
RP11-23P13.6,2055
RP4-569M23.2,2056
CTD-2309H9.3,2057
RP11-576E20.1,2058
LINC00460,2059
RP11-195F19.9,2060
RP11-265P11.2,2061
RP11-480I12.7,2062
RP11-611D20.2,2063
ZMIZ1-AS1,2064
GS1-124K5.4,2065
RP11-817O13.8,2066
ASH1L-AS1,2067
LINC00476,2068
RP1-63G5.5,2069
CTB-27N1.1,2070
RP11-73K9.2,2071
STARD7-AS1,2072
RP11-410C4.5,2073
GS1-251I9.4,2074
RP11-6I2.3,2075
LGALS8-AS1,2076
LINC00112,2077
TMEM161B-AS1,2078
LINC00984,2079
CTD-2010I22.2,2080
ERVK13-1,2081
JHDM1D-AS1,2082
RP11-169K16.9,2083
RP11-468E2.5,2084
ZNF280D,2085
RP11-395P17.3,2086
MORC2-AS1,2087
RP11-819C21.1,2088
ADAMTS9-AS2,2089
MORF4L2-AS1,2090
TJP2,2091
RP11-434C1.1,2092
LINC00572,2093
LINC00960,2094
RP11-752D24.2,2095
RP11-147C23.1,2096
TRAF3IP2-AS1,2097
CTD-2036P10.3,2098
C21orf91-OT1,2099
MIAT,2100
RP11-353N14.1,2101
RP11-510M2.2,2102
LINC00865,2103
RP11-622A1.2,2104
AC073130.1,2105
HCCAT5,2106
CTD-2008P7.1,2107
RP11-167N4.2,2108
RP11-432J9.6,2109
SEC24B-AS1,2110
AC007383.3,2111
AC093323.3,2112
RP11-288L9.1,2113
RP1-310O13.7,2114
RP11-161M6.2,2115
WAC-AS1,2116
CKMT2-AS1,2117
RP5-1085F17.3,2118
CTD-2587M2.1,2119
AC016831.7,2120
RP5-968D22.1,2121
RP11-1L12.3,2122
SNHG7,2123
GAN,2124
RP5-1057J7.6,2125
RP11-524O1.4,2126
RP11-349A22.5,2127
KIF9-AS1,2128
CTD-3074O7.5,2129
RP11-573D15.2,2130
LINC00410,2131
RP11-410L14.2,2132
AC005154.6,2133
DHRS4-AS1,2134
NIFK-AS1,2135
ERVK3-1,2136
SLC25A5-AS1,2137
RP1-39G22.7,2138
HOXA-AS2,2139
RP1-118J21.25,2140
RAB30-AS1,2141
PCBP1-AS1,2142
SRD5A2,2143
RP11-73B2.2,2144
RP11-445H22.3,2145
AC005009.1,2146
DGKK,2147
CTD-2207A17.1,2148
CTD-2116F7.1,2149
RP11-669M16.1,2150
ADAM6,2151
RP11-495P10.3,2152
RP11-513G11.4,2153
LINC00298,2154
SPANXA2-OT1,2155
AC007966.1,2156
RP11-54O7.1,2157
AC073128.10,2158
FLG-AS1,2159
LINC00226,2160
RP5-1158E12.3,2161
AC093642.3,2162
RP11-834C11.3,2163
CTB-113P19.4,2164
LINC01114,2165
RP11-495P10.6,2166
RP11-960L18.1,2167
RP11-715J22.3,2168
AC007879.2,2169
RP11-709B3.2,2170
CLRN1-AS1,2171
AC005592.3,2172
AC145123.2,2173
RP11-470M17.2,2174
AC067956.1,2175
RP11-395G23.3,2176
RP11-220I1.5,2177
RP11-295P9.3,2178
RP11-488C13.5,2179
LINC00886,2180
LINC00560,2181
CTD-2281E23.1,2182
RP11-77I22.2,2183
RP11-388M20.1,2184
RP11-426C22.5,2185
RP11-292D4.3,2186
CTD-2050B12.2,2187
RP11-498D10.6,2188
AC131025.8,2189
RP11-63A1.2,2190
RP11-7F17.4,2191
RP11-360K13.1,2192
LINC00221,2193
AC007403.2,2194
AC096579.7,2195
RP11-308N19.4,2196
RP11-567C2.1,2197
AP006547.3,2198
RP11-417E7.2,2199
RP11-407A16.3,2200
RP11-17A4.3,2201
CTC-378H22.2,2202
AC009133.12,2203
RP11-589P10.5,2204
RP11-292F22.7,2205
RP11-417J8.6,2206
PHEX-AS1,2207
LINC00162,2208
RP11-122G18.5,2209
RP11-395B7.2,2210
UBXN10-AS1,2211
MIR29A,2212
CTD-2643K12.2,2213
AC104135.4,2214
AC005592.1,2215
RP5-1077H22.2,2216
AC020601.1,2217
SHANK2-AS2,2218
RP11-753D20.4,2219
RP11-521O16.2,2220
RP11-322F10.2,2221
LINC00545,2222
RP11-672A2.6,2223
